TAL,Time,Price
0,11-30-01,119.01
1,11-30-02,119.01
2,11-30-03,119.01
3,11-30-04,119.01
4,11-30-05,119.01
5,11-30-06,119.01
6,11-30-07,119.01
7,11-30-08,119.01
8,11-30-09,119.01
9,11-30-10,119.01
10,11-30-11,119.01
11,11-30-13,119.01
12,11-30-14,119.01
13,11-30-15,119.01
14,11-30-16,119.01
15,11-30-17,119.01
16,11-30-19,119.01
17,11-30-20,119.01
18,11-30-21,119.01
19,11-30-22,119.01
20,11-30-24,119.01
21,11-30-25,119.01
22,11-30-26,119.01
23,11-30-27,119.01
24,11-30-28,119.01
25,11-30-29,119.01
26,11-30-30,119.01
27,11-30-31,119.01
28,11-30-32,119.01
29,11-30-33,119.01
30,11-30-34,119.01
31,11-30-36,119.01
32,11-30-37,119.01
33,11-30-38,119.01
34,11-30-39,119.01
35,11-30-40,119.01
36,11-30-41,119.01
37,11-30-42,119.01
38,11-30-43,119.01
39,11-30-44,119.01
40,11-30-45,119.01
41,11-30-47,119.01
42,11-30-47,119.01
43,11-30-49,119.01
44,11-30-50,119.01
45,11-30-50,119.01
46,11-30-52,119.01
47,11-30-53,119.01
48,11-30-54,119.01
49,11-30-55,119.01
50,11-30-56,119.01
51,11-30-57,119.01
52,11-30-58,119.01
53,11-30-59,119.01
54,11-31-00,119.01
55,11-31-01,119.01
56,11-31-02,119.01
57,11-31-03,119.01
58,11-31-05,119.01
59,11-31-06,119.01
60,11-31-07,119.01
61,11-31-08,119.01
62,11-31-09,119.01
63,11-31-10,119.01
64,11-31-11,119.01
65,11-31-12,119.01
66,11-31-13,119.01
67,11-31-14,119.01
68,11-31-16,119.01
69,11-31-17,119.01
70,11-31-18,119.01
71,11-31-19,119.01
72,11-31-20,119.01
73,11-31-21,119.01
74,11-31-22,119.01
75,11-31-23,119.01
76,11-31-24,119.01
77,11-31-25,119.01
78,11-31-26,119.01
79,11-31-27,119.01
80,11-31-28,119.01
81,11-31-29,119.01
82,11-31-30,119.01
83,11-31-31,119.01
84,11-31-32,119.01
85,11-31-33,119.01
86,11-31-34,119.01
87,11-31-35,119.01
88,11-31-37,119.01
89,11-31-38,119.01
90,11-31-39,119.01
91,11-31-40,119.01
92,11-31-41,119.01
93,11-31-43,119.01
94,11-31-44,119.01
95,11-31-45,119.01
96,11-31-46,119.01
97,11-31-47,119.01
98,11-31-48,119.01
99,11-31-49,119.01
100,11-31-50,119.01
101,11-31-51,118.75
102,11-31-52,118.75
103,11-31-53,118.75
104,11-31-54,118.75
105,11-31-55,118.75
106,11-31-56,118.75
107,11-31-57,118.75
108,11-31-58,118.75
109,11-31-59,118.75
110,11-32-00,118.75
111,11-32-01,118.75
112,11-32-02,118.75
113,11-32-03,118.75
114,11-32-04,118.75
115,11-32-05,118.75
116,11-32-06,118.75
117,11-32-07,118.75
118,11-32-09,118.74
119,11-32-10,118.74
120,11-32-11,118.74
121,11-32-12,118.74
122,11-32-13,118.74
123,11-32-14,118.74
124,11-32-15,118.74
125,11-32-16,118.74
126,11-32-17,118.74
127,11-32-19,118.74
128,11-32-20,118.74
129,11-32-21,118.74
130,11-32-22,118.74
131,11-32-23,118.74
132,11-32-24,118.74
133,11-32-26,118.74
134,11-32-27,118.74
135,11-32-28,118.74
136,11-32-29,118.74
137,11-32-30,118.74
138,11-32-31,118.74
139,11-32-32,118.74
140,11-32-33,118.74
141,11-32-34,118.74
142,11-32-35,118.74
143,11-32-36,118.74
144,11-32-37,118.74
145,11-32-38,118.74
146,11-32-39,118.74
147,11-32-40,118.74
148,11-32-41,118.74
149,11-32-42,118.74
150,11-32-43,118.74
151,11-32-44,118.74
152,11-32-45,118.74
153,11-32-46,118.74
154,11-32-47,118.74
155,11-32-48,118.74
156,11-32-49,118.74
157,11-32-50,118.74
158,11-32-51,118.74
159,11-32-52,118.74
160,11-32-53,118.74
161,11-32-54,118.74
162,11-32-55,118.74
163,11-32-56,118.74
164,11-32-57,118.74
165,11-32-58,118.74
166,11-33-00,118.74
167,11-33-01,118.74
168,11-33-02,118.74
169,11-33-03,118.74
170,11-33-05,118.74
171,11-33-06,118.74
172,11-33-06,118.74
173,11-33-07,118.74
174,11-33-08,118.74
175,11-33-09,118.74
176,11-33-10,118.74
177,11-33-11,118.74
178,11-33-12,118.74
179,11-33-13,118.74
180,11-33-14,118.74
181,11-33-15,118.74
182,11-33-16,118.74
183,11-33-17,118.74
184,11-33-18,118.74
185,11-33-19,118.74
186,11-33-20,118.74
187,11-33-21,118.74
188,11-33-23,118.74
189,11-33-24,118.74
190,11-33-25,118.74
191,11-33-27,118.74
192,11-33-28,118.74
193,11-33-29,118.74
194,11-33-30,118.74
195,11-33-31,118.74
196,11-33-32,118.74
197,11-33-33,118.74
198,11-33-34,118.74
199,11-33-36,118.74
200,11-33-37,118.74
201,11-33-38,118.74
202,11-33-39,118.74
203,11-33-40,118.74
204,11-33-41,118.74
205,11-33-42,118.74
206,11-33-43,118.74
207,11-33-44,118.74
208,11-33-45,118.74
209,11-33-47,118.74
210,11-33-48,118.74
211,11-33-49,118.74
212,11-33-50,118.74
213,11-33-51,118.74
214,11-33-52,118.74
215,11-33-53,118.74
216,11-33-54,118.74
217,11-33-55,118.74
218,11-33-56,118.74
219,11-33-57,118.50
220,11-33-58,118.38
221,11-33-59,118.38
222,11-34-00,118.38
223,11-34-02,118.38
224,11-34-03,118.38
225,11-34-04,118.38
226,11-34-05,118.38
227,11-34-06,118.38
228,11-34-08,118.3800
229,11-34-09,118.38
230,11-34-10,118.38
231,11-34-11,118.38
232,11-34-12,118.38
233,11-34-13,118.50
234,11-34-14,118.50
235,11-34-16,118.39
236,11-34-17,118.39
237,11-34-18,118.39
238,11-34-19,118.39
239,11-34-20,118.39
240,11-34-21,118.39
241,11-34-23,118.39
242,11-34-24,118.39
243,11-34-25,118.39
244,11-34-26,118.39
245,11-34-27,118.39
246,11-34-28,118.39
247,11-34-29,118.39
248,11-34-31,118.39
249,11-34-32,118.39
250,11-34-33,118.39
251,11-34-34,118.39
252,11-34-35,118.39
253,11-34-36,118.39
254,11-34-37,118.39
255,11-34-38,118.39
256,11-34-39,118.39
257,11-34-40,118.39
258,11-34-41,118.40
259,11-34-43,118.40
260,11-34-44,118.40
261,11-34-45,118.40
262,11-34-46,118.40
263,11-34-47,118.40
264,11-34-48,118.40
265,11-34-49,118.30
266,11-34-51,118.30
267,11-34-52,118.30
268,11-34-53,118.30
269,11-34-54,118.30
270,11-34-54,118.30
271,11-34-55,118.30
272,11-34-57,118.30
273,11-34-58,118.43
274,11-34-59,118.43
275,11-35-00,118.43
276,11-35-01,118.43
277,11-35-02,118.43
278,11-35-04,118.43
279,11-35-05,118.43
280,11-35-06,118.43
281,11-35-07,118.43
282,11-35-08,118.43
283,11-35-09,118.43
284,11-35-10,118.43
285,11-35-11,118.43
286,11-35-13,118.43
287,11-35-14,118.43
288,11-35-15,118.43
289,11-35-16,118.43
290,11-35-17,118.43
291,11-35-18,118.43
292,11-35-19,118.43
293,11-35-20,118.43
294,11-35-21,118.43
295,11-35-22,118.43
296,11-35-23,118.43
297,11-35-25,118.43
298,11-35-26,118.43
299,11-35-27,118.43
300,11-35-28,118.43
301,11-35-29,118.43
302,11-35-30,118.43
303,11-35-32,118.43
304,11-35-33,118.47
305,11-35-34,118.47
306,11-35-35,118.47
307,11-35-36,118.47
308,11-35-37,118.47
309,11-35-38,118.47
310,11-35-39,118.47
311,11-35-40,118.47
312,11-35-42,118.47
313,11-35-43,118.47
314,11-35-43,118.47
315,11-35-45,118.47
316,11-35-46,118.47
317,11-35-47,118.47
318,11-35-48,118.47
319,11-35-50,118.47
320,11-35-51,118.47
321,11-35-52,118.47
322,11-35-53,118.47
323,11-35-54,118.47
324,11-35-55,118.47
325,11-35-56,118.47
326,11-35-57,118.47
327,11-35-58,118.47
328,11-35-59,118.47
329,11-36-00,118.47
330,11-36-01,118.47
331,11-36-03,118.47
332,11-36-04,118.47
333,11-36-05,118.47
334,11-36-06,118.37
335,11-36-07,118.37
336,11-36-08,118.37
337,11-36-09,118.37
338,11-36-10,118.37
339,11-36-11,118.37
340,11-36-12,118.37
341,11-36-14,118.37
342,11-36-15,118.37
343,11-36-16,118.37
344,11-36-17,118.37
345,11-36-18,118.37
346,11-36-19,118.37
347,11-36-20,118.37
348,11-36-21,118.37
349,11-36-22,118.37
350,11-36-23,118.37
351,11-36-24,118.50
352,11-36-25,118.50
353,11-36-27,118.53
354,11-36-28,118.53
355,11-36-29,118.53
356,11-36-30,118.53
357,11-36-31,118.53
358,11-36-32,118.53
359,11-36-33,118.53
360,11-36-34,118.53
361,11-36-35,118.53
362,11-36-36,118.53
363,11-36-37,118.53
364,11-36-38,118.53
365,11-36-39,118.53
366,11-36-40,118.53
367,11-36-41,118.53
368,11-36-43,118.53
369,11-36-44,118.53
370,11-36-45,118.53
371,11-36-46,118.53
372,11-36-47,118.53
373,11-36-48,118.53
374,11-36-49,118.53
375,11-36-50,118.53
376,11-36-51,118.53
377,11-36-52,118.53
378,11-36-53,118.53
379,11-36-55,118.53
380,11-36-56,118.53
381,11-36-57,118.53
382,11-36-58,118.53
383,11-36-59,118.53
384,11-37-00,118.53
385,11-37-01,118.53
386,11-37-02,118.53
387,11-37-03,118.53
388,11-37-04,118.53
389,11-37-05,118.53
390,11-37-06,118.53
391,11-37-08,118.53
392,11-37-09,118.53
393,11-37-10,118.53
394,11-37-11,118.53
395,11-37-11,118.53
396,11-37-12,118.53
397,11-37-13,118.53
398,11-37-15,118.53
399,11-37-16,118.53
400,11-37-17,118.53
401,11-37-19,118.53
402,11-37-20,118.53
403,11-37-20,118.53
404,11-37-21,118.53
405,11-37-22,118.53
406,11-37-24,118.53
407,11-37-25,118.53
408,11-37-26,118.53
409,11-37-27,118.53
410,11-37-28,118.53
411,11-37-29,118.53
412,11-37-30,118.53
413,11-37-31,118.53
414,11-37-32,118.53
415,11-37-33,118.53
416,11-37-34,118.53
417,11-37-35,118.56
418,11-37-36,118.56
419,11-37-37,118.56
420,11-37-38,118.56
421,11-37-39,118.56
422,11-37-41,118.56
423,11-37-41,118.56
424,11-37-43,118.56
425,11-37-44,118.56
426,11-37-45,118.56
427,11-37-46,118.56
428,11-37-47,118.56
429,11-37-48,118.56
430,11-37-48,118.56
431,11-37-50,118.56
432,11-37-51,118.56
433,11-37-52,118.56
434,11-37-53,118.56
435,11-37-54,118.56
436,11-37-55,118.56
437,11-37-56,118.56
438,11-37-57,118.56
439,11-37-58,118.56
440,11-37-59,118.56
441,11-38-00,118.56
442,11-38-01,118.56
443,11-38-02,118.56
444,11-38-03,118.56
445,11-38-04,118.56
446,11-38-05,118.56
447,11-38-06,118.56
448,11-38-08,118.56
449,11-38-09,118.56
450,11-38-10,118.56
451,11-38-11,118.56
452,11-38-12,118.56
453,11-38-13,118.56
454,11-38-14,118.56
455,11-38-16,118.56
456,11-38-16,118.56
457,11-38-18,118.56
458,11-38-19,118.56
459,11-38-21,118.56
460,11-38-22,118.56
461,11-38-23,118.56
462,11-38-24,118.56
463,11-38-25,118.56
464,11-38-26,118.56
465,11-38-27,118.56
466,11-38-28,118.56
467,11-38-29,118.56
468,11-38-31,118.56
469,11-38-32,118.56
470,11-38-33,118.56
471,11-38-34,118.56
472,11-38-35,118.56
473,11-38-36,118.56
474,11-38-37,118.56
475,11-38-38,118.56
476,11-38-39,118.56
477,11-38-40,118.56
478,11-38-41,118.56
479,11-38-42,118.56
480,11-38-43,118.56
481,11-38-44,118.56
482,11-38-45,118.56
483,11-38-47,118.56
484,11-38-48,118.56
485,11-38-49,118.56
486,11-38-49,118.56
487,11-38-51,118.56
488,11-38-52,118.56
489,11-38-53,118.56
490,11-38-55,118.56
491,11-38-56,118.56
492,11-38-57,118.56
493,11-38-58,118.56
494,11-38-58,118.56
495,11-39-00,118.56
496,11-39-00,118.56
497,11-39-01,118.56
498,11-39-03,118.56
499,11-39-03,118.56
500,11-39-04,118.56
501,11-39-05,118.56
502,11-39-07,118.56
503,11-39-08,118.56
504,11-39-09,118.56
505,11-39-10,118.56
506,11-39-11,118.56
507,11-39-12,118.56
508,11-39-13,118.56
509,11-39-14,118.56
510,11-39-15,118.56
511,11-39-16,118.56
512,11-39-17,118.56
513,11-39-18,118.56
514,11-39-19,118.62
515,11-39-20,118.62
516,11-39-21,118.62
517,11-39-22,118.64
518,11-39-23,118.64
519,11-39-24,118.64
520,11-39-25,118.64
521,11-39-26,118.64
522,11-39-27,118.64
523,11-39-28,118.64
524,11-39-30,118.64
525,11-39-31,118.64
526,11-39-32,118.64
527,11-39-33,118.64
528,11-39-34,118.64
529,11-39-35,118.64
530,11-39-37,118.64
531,11-39-38,118.64
532,11-39-39,118.64
533,11-39-40,118.64
534,11-39-41,118.64
535,11-39-42,118.64
536,11-39-43,118.64
537,11-39-44,118.64
538,11-39-45,118.64
539,11-39-46,118.64
540,11-39-47,118.64
541,11-39-48,118.8495
542,11-39-50,118.7858
543,11-39-50,118.7858
544,11-39-52,118.79
545,11-39-53,118.79
546,11-39-54,118.79
547,11-39-55,118.79
548,11-39-56,118.79
549,11-39-57,118.79
550,11-39-58,118.79
551,11-40-00,118.79
552,11-40-00,118.79
553,11-40-01,118.79
554,11-40-02,118.79
555,11-40-03,118.79
556,11-40-04,118.9869
557,11-40-05,118.9869
558,11-40-06,118.9869
559,11-40-08,118.9869
560,11-40-09,118.9869
561,11-40-11,118.9869
562,11-40-12,118.9869
563,11-40-13,118.9869
564,11-40-14,118.99
565,11-40-15,118.99
566,11-40-16,118.99
567,11-40-17,118.99
568,11-40-18,118.99
569,11-40-19,118.99
570,11-40-20,118.99
571,11-40-21,118.99
572,11-40-22,118.99
573,11-40-23,118.99
574,11-40-24,118.99
575,11-40-25,118.99
576,11-40-26,118.99
577,11-40-27,118.99
578,11-40-28,118.99
579,11-40-29,118.99
580,11-40-30,118.99
581,11-40-31,118.99
582,11-40-32,118.99
583,11-40-33,118.94
584,11-40-34,118.94
585,11-40-36,118.94
586,11-40-37,118.94
587,11-40-37,118.94
588,11-40-38,118.94
589,11-40-39,118.94
590,11-40-40,118.94
591,11-40-41,118.94
592,11-40-42,118.94
593,11-40-44,118.94
594,11-40-45,118.94
595,11-40-46,118.94
596,11-40-47,118.94
597,11-40-48,118.94
598,11-40-49,118.94
599,11-40-50,118.94
600,11-40-51,118.94
601,11-40-52,118.94
602,11-40-53,118.94
603,11-40-54,118.94
604,11-40-55,118.94
605,11-40-56,118.94
606,11-40-58,118.94
607,11-40-59,118.94
608,11-41-00,118.9400
609,11-41-01,118.9400
610,11-41-02,118.9400
611,11-41-03,118.9400
612,11-41-04,118.94
613,11-41-05,118.94
614,11-41-06,118.94
615,11-41-07,118.94
616,11-41-08,118.94
617,11-41-09,118.94
618,11-41-10,118.94
619,11-41-11,118.94
620,11-41-12,118.94
621,11-41-13,118.94
622,11-41-14,118.94
623,11-41-15,118.94
624,11-41-16,118.94
625,11-41-17,118.94
626,11-41-18,118.94
627,11-41-19,118.94
628,11-41-20,118.94
629,11-41-21,118.94
630,11-41-22,118.94
631,11-41-23,118.94
632,11-41-25,118.94
633,11-41-26,118.94
634,11-41-27,118.94
635,11-41-28,118.94
636,11-41-29,118.94
637,11-41-31,118.94
638,11-41-32,118.94
639,11-41-33,118.94
640,11-41-34,118.94
641,11-41-35,118.94
642,11-41-36,118.94
643,11-41-37,118.94
644,11-41-38,118.94
645,11-41-39,118.94
646,11-41-40,118.94
647,11-41-41,118.94
648,11-41-42,118.94
649,11-41-43,118.94
650,11-41-44,118.94
651,11-41-45,118.94
652,11-41-46,118.94
653,11-41-47,118.94
654,11-41-48,118.94
655,11-41-49,118.94
656,11-41-50,118.94
657,11-41-52,118.94
658,11-41-53,118.94
659,11-41-54,118.94
660,11-41-54,118.94
661,11-41-56,118.94
662,11-41-57,118.94
663,11-41-58,118.94
664,11-41-59,118.94
665,11-42-00,118.94
666,11-42-01,118.94
667,11-42-03,118.94
668,11-42-04,118.94
669,11-42-05,118.94
670,11-42-06,118.94
671,11-42-07,118.94
672,11-42-08,118.94
673,11-42-10,118.94
674,11-42-11,118.94
675,11-42-12,118.94
676,11-42-13,118.94
677,11-42-14,118.94
678,11-42-15,118.94
679,11-42-16,118.94
680,11-42-17,118.94
681,11-42-18,118.94
682,11-42-20,118.94
683,11-42-20,118.94
684,11-42-22,118.94
685,11-42-24,118.94
686,11-42-25,118.94
687,11-42-26,118.94
688,11-42-26,118.94
689,11-42-27,118.94
690,11-42-29,118.94
691,11-42-30,118.94
692,11-42-31,118.94
693,11-42-32,118.94
694,11-42-33,118.94
695,11-42-34,118.94
696,11-42-35,118.94
697,11-42-36,118.94
698,11-42-37,118.94
699,11-42-38,118.94
700,11-42-39,118.94
701,11-42-40,118.94
702,11-42-41,118.94
703,11-42-42,118.94
704,11-42-43,118.94
705,11-42-44,118.94
706,11-42-45,118.94
707,11-42-46,118.94
708,11-42-47,118.94
709,11-42-48,118.94
710,11-42-49,118.94
711,11-42-51,118.94
712,11-42-52,118.94
713,11-42-53,118.94
714,11-42-54,118.94
715,11-42-55,118.94
716,11-42-57,118.94
717,11-42-58,118.94
718,11-42-59,118.94
719,11-43-00,118.94
720,11-43-01,118.94
721,11-43-02,118.94
722,11-43-03,118.94
723,11-43-05,118.94
724,11-43-06,118.94
725,11-43-07,118.94
726,11-43-09,118.94
727,11-43-10,118.94
728,11-43-11,118.94
729,11-43-12,118.94
730,11-43-13,118.94
731,11-43-15,118.94
732,11-43-15,118.94
733,11-43-17,118.94
734,11-43-18,118.94
735,11-43-19,118.94
736,11-43-20,118.94
737,11-43-21,118.94
738,11-43-22,118.94
739,11-43-23,118.94
740,11-43-24,118.94
741,11-43-25,118.94
742,11-43-26,118.94
743,11-43-27,118.94
744,11-43-28,118.94
745,11-43-29,118.94
746,11-43-30,118.94
747,11-43-31,118.94
748,11-43-32,118.94
749,11-43-33,118.94
750,11-43-34,118.94
751,11-43-35,118.94
752,11-43-37,118.94
753,11-43-37,118.94
754,11-43-39,118.94
755,11-43-39,118.94
756,11-43-40,118.94
757,11-43-41,118.94
758,11-43-42,118.94
759,11-43-43,118.94
760,11-43-44,118.94
761,11-43-45,118.94
762,11-43-46,118.94
763,11-43-48,118.94
764,11-43-49,118.94
765,11-43-50,118.94
766,11-43-51,118.94
767,11-43-52,118.94
768,11-43-53,118.94
769,11-43-54,118.94
770,11-43-55,118.94
771,11-43-56,118.94
772,11-43-57,118.94
773,11-43-58,118.94
774,11-43-59,118.94
775,11-44-00,118.94
776,11-44-02,118.94
777,11-44-03,118.94
778,11-44-04,118.94
779,11-44-05,118.94
780,11-44-06,118.94
781,11-44-07,118.94
782,11-44-08,118.94
783,11-44-09,118.94
784,11-44-10,118.94
785,11-44-11,118.94
786,11-44-13,118.94
787,11-44-14,118.94
788,11-44-14,118.94
789,11-44-16,118.94
790,11-44-16,118.94
791,11-44-18,118.94
792,11-44-19,118.94
793,11-44-20,118.94
794,11-44-21,118.94
795,11-44-22,118.94
796,11-44-24,118.94
797,11-44-25,118.94
798,11-44-26,118.94
799,11-44-27,118.94
800,11-44-28,118.94
801,11-44-29,118.94
802,11-44-30,118.94
803,11-44-31,118.94
804,11-44-32,118.94
805,11-44-33,118.94
806,11-44-34,118.94
807,11-44-35,118.94
808,11-44-36,118.94
809,11-44-37,118.94
810,11-44-39,118.94
811,11-44-40,118.94
812,11-44-41,118.50
813,11-44-42,118.50
814,11-44-43,118.50
815,11-44-44,118.45
816,11-44-45,118.45
817,11-44-46,118.45
818,11-44-47,118.45
819,11-44-48,118.45
820,11-44-49,118.45
821,11-44-50,118.45
822,11-44-51,118.45
823,11-44-52,118.45
824,11-44-54,118.45
825,11-44-55,118.45
826,11-44-56,118.45
827,11-44-57,118.45
828,11-44-58,118.45
829,11-44-59,118.45
830,11-45-00,118.45
831,11-45-01,118.28
832,11-45-02,118.28
833,11-45-03,118.28
834,11-45-04,118.28
835,11-45-05,118.28
836,11-45-06,118.28
837,11-45-07,118.28
838,11-45-08,118.28
839,11-45-09,118.28
840,11-45-10,118.28
841,11-45-11,118.28
842,11-45-12,118.28
843,11-45-13,118.28
844,11-45-14,118.4293
845,11-45-16,118.4293
846,11-45-16,118.4293
847,11-45-18,118.4293
848,11-45-18,118.4293
849,11-45-19,118.4293
850,11-45-20,118.4293
851,11-45-21,118.4293
852,11-45-22,118.4293
853,11-45-24,118.4293
854,11-45-24,118.4293
855,11-45-26,118.4293
856,11-45-27,118.4293
857,11-45-28,118.4293
858,11-45-29,118.4293
859,11-45-30,118.4293
860,11-45-31,118.4293
861,11-45-32,118.4293
862,11-45-33,118.4293
863,11-45-34,118.4293
864,11-45-35,118.4293
865,11-45-36,118.4293
866,11-45-37,118.4293
867,11-45-38,118.4293
868,11-45-39,118.4293
869,11-45-40,118.4293
870,11-45-41,118.4293
871,11-45-42,118.4293
872,11-45-43,118.4293
873,11-45-44,118.4293
874,11-45-45,118.4293
875,11-45-47,118.4293
876,11-45-47,118.4293
877,11-45-48,118.4293
878,11-45-50,118.4293
879,11-45-50,118.4293
880,11-45-52,118.4293
881,11-45-53,118.4293
882,11-45-54,118.4293
883,11-45-55,118.4293
884,11-45-56,118.4293
885,11-45-57,118.4293
886,11-45-58,118.4293
887,11-45-59,118.4293
888,11-46-00,118.4293
889,11-46-02,118.4293
890,11-46-03,118.4293
891,11-46-03,118.4293
892,11-46-04,118.4293
893,11-46-06,118.4293
894,11-46-07,118.4293
895,11-46-08,118.4293
896,11-46-09,118.4293
897,11-46-10,118.4293
898,11-46-11,118.4293
899,11-46-13,118.4293
900,11-46-14,118.4293
901,11-46-15,118.4293
902,11-46-15,118.4293
903,11-46-16,118.4293
904,11-46-17,118.4293
905,11-46-18,118.4293
906,11-46-19,118.4293
907,11-46-20,118.4293
908,11-46-21,118.4293
909,11-46-22,118.4293
910,11-46-23,118.4293
911,11-46-24,118.4293
912,11-46-26,118.4293
913,11-46-27,118.4293
914,11-46-28,118.4293
915,11-46-29,118.4293
916,11-46-30,118.4293
917,11-46-31,118.4293
918,11-46-32,118.4293
919,11-46-33,118.4293
920,11-46-34,118.43
921,11-46-35,118.43
922,11-46-36,118.43
923,11-46-38,118.43
924,11-46-39,118.43
925,11-46-39,118.43
926,11-46-40,118.43
927,11-46-41,118.43
928,11-46-43,118.43
929,11-46-44,118.43
930,11-46-45,118.43
931,11-46-46,118.43
932,11-46-47,118.43
933,11-46-48,118.43
934,11-46-49,118.43
935,11-46-51,118.43
936,11-46-52,118.43
937,11-46-53,118.43
938,11-46-54,118.43
939,11-46-55,118.43
940,11-46-56,118.43
941,11-46-57,118.43
942,11-46-57,118.43
943,11-46-58,118.43
944,11-46-59,118.43
945,11-47-00,118.43
946,11-47-02,118.43
947,11-47-03,118.43
948,11-47-04,118.43
949,11-47-05,118.43
950,11-47-06,118.335
951,11-47-07,118.335
952,11-47-09,118.335
953,11-47-10,118.335
954,11-47-11,118.335
955,11-47-12,118.335
956,11-47-13,118.335
957,11-47-15,118.335
958,11-47-16,118.335
959,11-47-17,118.335
960,11-47-18,118.335
961,11-47-19,118.335
962,11-47-20,118.335
963,11-47-21,118.335
964,11-47-22,118.335
965,11-47-23,118.335
966,11-47-24,118.335
967,11-47-25,118.335
968,11-47-26,118.335
969,11-47-27,118.335
970,11-47-28,118.335
971,11-47-29,118.335
972,11-47-31,118.335
973,11-47-31,118.335
974,11-47-32,118.335
975,11-47-33,118.335
976,11-47-34,118.335
977,11-47-35,118.335
978,11-47-36,118.335
979,11-47-37,118.335
980,11-47-39,118.335
981,11-47-40,118.335
982,11-47-41,118.335
983,11-47-42,118.335
984,11-47-43,118.335
985,11-47-45,118.335
986,11-47-46,118.335
987,11-47-47,118.335
988,11-47-48,118.335
989,11-47-49,118.335
990,11-47-50,118.24
991,11-47-51,118.24
992,11-47-52,118.24
993,11-47-53,118.24
994,11-47-54,118.24
995,11-47-55,118.24
996,11-47-56,118.24
997,11-47-58,118.24
998,11-47-59,118.24
999,11-48-00,118.24
1000,11-48-01,118.24
1001,11-48-03,118.24
1002,11-48-04,118.231
1003,11-48-05,118.231
1004,11-48-06,118.231
1005,11-48-07,118.231
1006,11-48-08,118.23
1007,11-48-09,118.23
1008,11-48-10,118.23
1009,11-48-11,118.23
1010,11-48-12,118.23
1011,11-48-13,118.23
1012,11-48-14,118.23
1013,11-48-15,118.23
1014,11-48-16,118.23
1015,11-48-17,118.23
1016,11-48-18,118.23
1017,11-48-19,118.20
1018,11-48-20,118.20
1019,11-48-20,118.20
1020,11-48-23,118.20
1021,11-48-24,118.20
1022,11-48-25,118.28
1023,11-48-26,118.28
1024,11-48-28,118.28
1025,11-48-29,118.28
1026,11-48-30,118.28
1027,11-48-31,118.28
1028,11-48-32,118.28
1029,11-48-33,118.28
1030,11-48-34,118.28
1031,11-48-35,118.28
1032,11-48-36,
1033,11-48-37,118.28
1034,11-48-38,118.28
1035,11-48-38,118.28
1036,11-48-39,118.22
1037,11-48-40,118.22
1038,11-48-42,118.22
1039,11-48-43,118.22
1040,11-48-44,118.22
1041,11-48-45,118.22
1042,11-48-46,118.22
1043,11-48-47,118.22
1044,11-48-47,118.22
1045,11-48-48,118.22
1046,11-48-49,118.22
1047,11-48-50,118.22
1048,11-48-51,118.22
1049,11-48-52,118.22
1050,11-48-54,118.22
1051,11-48-58,118.125
1052,11-48-59,118.125
1053,11-49-00,118.125
1054,11-49-01,118.125
1055,11-49-02,118.125
1056,11-49-02,118.125
1057,11-49-03,118.125
1058,11-49-04,118.125
1059,11-49-05,118.16
1060,11-49-06,118.16
1061,11-49-07,118.16
1062,11-49-08,118.16
1063,11-49-10,118.16
1064,11-49-11,118.16
1065,11-49-12,118.16
1066,11-49-13,118.16
1067,11-49-14,118.16
1068,11-49-16,118.16
1069,11-49-17,118.16
1070,11-49-18,118.16
1071,11-49-20,118.16
1072,11-49-21,118.16
1073,11-49-22,118.16
1074,11-49-23,118.16
1075,11-49-24,118.16
1076,11-49-25,118.05
1077,11-49-27,118.05
1078,11-49-28,118.05
1079,11-49-29,118.05
1080,11-49-31,118.05
1081,11-49-32,118.05
1082,11-49-34,118.05
1083,11-49-35,118.00
1084,11-49-37,118.00
1085,11-49-38,118.00
1086,11-49-40,118.00
1087,11-49-41,118.00
1088,11-49-42,118.00
1089,11-49-44,118.00
1090,11-49-45,118.00
1091,11-49-47,118.00
1092,11-49-48,118.00
1093,11-49-49,118.00
1094,11-49-49,118.00
1095,11-49-50,118.00
1096,11-49-51,118.00
1097,11-49-52,118.00
1098,11-49-53,118.00
1099,11-49-55,118.00
1100,11-49-56,118.00
1101,11-49-57,118.00
1102,11-49-58,118.00
1103,11-49-59,118.00
1104,11-50-00,118.00
1105,11-50-01,118.00
1106,11-50-02,118.00
1107,11-50-03,118.00
1108,11-50-04,118.00
1109,11-50-05,118.00
1110,11-50-06,118.00
1111,11-50-07,118.00
1112,11-50-08,118.00
1113,11-50-09,118.00
1114,11-50-10,118.001
1115,11-50-11,118.00
1116,11-50-12,118.00
1117,11-50-13,118.00
1118,11-50-14,118.00
1119,11-50-15,118.01
1120,11-50-16,118.0298
1121,11-50-17,118.0298
1122,11-50-18,118.12
1123,11-50-19,118.12
1124,11-50-21,118.12
1125,11-50-22,117.99
1126,11-50-23,117.99
1127,11-50-24,117.99
1128,11-50-25,117.97
1129,11-50-26,117.97
1130,11-50-27,117.97
1131,11-50-28,117.97
1132,11-50-29,117.97
1133,11-50-31,117.97
1134,11-50-32,117.97
1135,11-50-33,117.97
1136,11-50-34,117.97
1137,11-50-35,117.97
1138,11-50-36,117.97
1139,11-50-37,117.97
1140,11-50-38,117.97
1141,11-50-39,117.97
1142,11-50-41,117.97
1143,11-50-42,117.97
1144,11-50-43,117.97
1145,11-50-45,117.97
1146,11-50-46,117.97
1147,11-50-47,117.97
1148,11-50-48,117.97
1149,11-50-49,117.97
1150,11-50-50,117.9700
1151,11-50-52,118.0356
1152,11-50-53,118.0356
1153,11-50-54,118.0356
1154,11-50-55,118.0356
1155,11-50-56,118.0356
1156,11-50-57,118.0356
1157,11-50-59,118.0356
1158,11-51-00,118.04
1159,11-51-01,118.04
1160,11-51-02,118.04
1161,11-51-02,118.04
1162,11-51-04,118.04
1163,11-51-04,118.04
1164,11-51-06,118.18
1165,11-51-07,118.18
1166,11-51-08,118.18
1167,11-51-09,118.18
1168,11-51-10,118.18
1169,11-51-11,118.18
1170,11-51-11,118.18
1171,11-51-13,118.18
1172,11-51-14,118.18
1173,11-51-15,118.18
1174,11-51-16,118.18
1175,11-51-17,118.18
1176,11-51-20,118.18
1177,11-51-22,118.18
1178,11-51-23,118.1800
1179,11-51-23,118.1800
1180,11-51-24,118.1800
1181,11-51-26,118.1800
1182,11-51-27,118.18
1183,11-51-34,118.18
1184,11-51-36,118.18
1185,11-51-37,118.18
1186,11-51-38,118.18
1187,11-51-39,118.18
1188,11-51-40,118.18
1189,11-51-41,118.18
1190,11-51-42,118.18
1191,11-51-43,118.18
1192,11-51-44,118.18
1193,11-51-45,118.18
1194,11-51-46,118.18
1195,11-51-47,118.18
1196,11-51-48,118.18
1197,11-51-49,118.18
1198,11-51-50,118.18
1199,11-51-51,118.18
1200,11-51-53,118.18
1201,11-51-55,118.18
1202,11-51-56,118.18
1203,11-51-57,118.18
1204,11-51-58,118.18
1205,11-51-59,118.18
1206,11-52-00,118.18
1207,11-52-01,118.18
1208,11-52-02,118.18
1209,11-52-03,118.18
1210,11-52-04,118.18
1211,11-52-05,118.18
1212,11-52-06,118.18
1213,11-52-07,118.18
1214,11-52-08,118.18
1215,11-52-09,118.18
1216,11-52-10,118.18
1217,11-52-11,118.18
1218,11-52-12,118.18
1219,11-52-13,118.18
1220,11-52-14,118.18
1221,11-52-15,118.18
1222,11-52-16,118.18
1223,11-52-17,118.18
1224,11-52-18,118.18
1225,11-52-19,118.18
1226,11-52-20,118.18
1227,11-52-23,118.4175
1228,11-52-24,118.4175
1229,11-52-25,118.4175
1230,11-52-26,118.4175
1231,11-52-27,118.4175
1232,11-52-28,118.42
1233,11-52-29,118.42
1234,11-52-30,118.42
1235,11-52-31,118.42
1236,11-52-33,118.42
1237,11-52-34,118.66
1238,11-52-35,118.66
1239,11-52-36,118.66
1240,11-52-37,118.66
1241,11-52-38,118.66
1242,11-52-39,118.66
1243,11-52-40,118.66
1244,11-52-41,118.66
1245,11-52-42,118.66
1246,11-52-44,118.66
1247,11-52-45,118.66
1248,11-52-47,118.66
1249,11-52-48,118.66
1250,11-52-49,118.66
1251,11-52-50,118.66
1252,11-52-51,118.66
1253,11-52-51,118.66
1254,11-52-53,118.66
1255,11-52-54,118.66
1256,11-52-55,118.66
1257,11-52-56,118.66
1258,11-52-57,118.66
1259,11-52-58,118.66
1260,11-52-59,118.66
1261,11-53-00,118.66
1262,11-53-01,118.66
1263,11-53-02,118.66
1264,11-53-03,118.66
1265,11-53-04,118.66
1266,11-53-05,118.66
1267,11-53-06,118.66
1268,11-53-07,118.66
1269,11-53-08,118.78
1270,11-53-09,118.78
1271,11-53-10,118.78
1272,11-53-11,118.78
1273,11-53-12,118.78
1274,11-53-14,118.78
1275,11-53-15,118.94
1276,11-53-15,118.94
1277,11-53-16,118.94
1278,11-53-17,118.94
1279,11-53-18,118.94
1280,11-53-19,118.94
1281,11-53-20,118.94
1282,11-53-22,118.94
1283,11-53-23,118.94
1284,11-53-24,118.94
1285,11-53-25,118.94
1286,11-53-26,118.94
1287,11-53-27,118.94
1288,11-53-28,118.94
1289,11-53-29,118.94
1290,11-53-30,118.94
1291,11-53-31,118.94
1292,11-53-32,118.94
1293,11-53-33,118.94
1294,11-53-34,118.94
1295,11-53-35,118.94
1296,11-53-36,118.94
1297,11-53-37,118.94
1298,11-53-38,118.94
1299,11-53-39,118.94
1300,11-53-40,118.94
1301,11-53-42,118.94
1302,11-53-42,118.94
1303,11-53-43,118.94
1304,11-53-44,118.8221
1305,11-53-45,118.8221
1306,11-53-46,118.8221
1307,11-53-48,118.8221
1308,11-53-49,118.8221
1309,11-53-50,118.8221
1310,11-53-50,118.8221
1311,11-53-52,118.8221
1312,11-53-53,118.8221
1313,11-53-53,118.8221
1314,11-53-55,118.8221
1315,11-53-56,118.82
1316,11-53-57,118.82
1317,11-53-58,118.82
1318,11-53-59,118.82
1319,11-54-00,118.82
1320,11-54-01,118.82
1321,11-54-02,118.82
1322,11-54-03,118.82
1323,11-54-04,118.82
1324,11-54-05,118.82
1325,11-54-06,118.82
1326,11-54-07,118.82
1327,11-54-09,118.82
1328,11-54-10,118.82
1329,11-54-11,118.82
1330,11-54-12,118.82
1331,11-54-13,118.82
1332,11-54-14,118.82
1333,11-54-15,118.82
1334,11-54-16,118.82
1335,11-54-17,118.82
1336,11-54-18,118.82
1337,11-54-19,118.82
1338,11-54-20,118.82
1339,11-54-21,118.82
1340,11-54-22,118.82
1341,11-54-23,118.82
1342,11-54-24,118.82
1343,11-54-25,118.82
1344,11-54-26,118.82
1345,11-54-28,118.82
1346,11-54-29,118.82
1347,11-54-30,118.82
1348,11-54-31,118.82
1349,11-54-32,118.82
1350,11-54-33,118.82
1351,11-54-35,118.82
1352,11-54-36,118.82
1353,11-54-37,118.82
1354,11-54-38,118.82
1355,11-54-39,118.82
1356,11-54-40,118.82
1357,11-54-41,118.82
1358,11-54-42,118.82
1359,11-54-43,118.82
1360,11-54-44,118.82
1361,11-54-45,118.82
1362,11-54-47,118.82
1363,11-54-48,118.8200
1364,11-54-49,118.8200
1365,11-54-50,118.8200
1366,11-54-51,118.8200
1367,11-54-52,118.8200
1368,11-54-53,118.8200
1369,11-54-54,118.8200
1370,11-54-55,118.8200
1371,11-54-56,118.8200
1372,11-54-57,118.8200
1373,11-54-58,118.8200
1374,11-54-59,118.8200
1375,11-55-00,118.8200
1376,11-55-01,118.8200
1377,11-55-02,118.8200
1378,11-55-04,118.8200
1379,11-55-05,118.8200
1380,11-55-06,118.8200
1381,11-55-07,118.8200
1382,11-55-09,118.8200
1383,11-55-10,118.8200
1384,11-55-10,118.8200
1385,11-55-12,118.8200
1386,11-55-13,118.8200
1387,11-55-14,118.8200
1388,11-55-15,118.8200
1389,11-55-16,118.8200
1390,11-55-17,118.8200
1391,11-55-18,118.8200
1392,11-55-19,118.8200
1393,11-55-20,118.8200
1394,11-55-21,118.8200
1395,11-55-23,118.92
1396,11-55-24,118.92
1397,11-55-25,118.94
1398,11-55-26,118.94
1399,11-55-27,118.94
1400,11-55-28,118.94
1401,11-55-29,118.94
1402,11-55-30,118.94
1403,11-55-31,118.94
1404,11-55-32,118.94
1405,11-55-33,118.94
1406,11-55-34,118.94
1407,11-55-35,118.94
1408,11-55-36,118.94
1409,11-55-37,118.94
1410,11-55-38,118.94
1411,11-55-39,118.94
1412,11-55-40,118.94
1413,11-55-41,118.94
1414,11-55-42,118.94
1415,11-55-44,118.94
1416,11-55-45,119.01
1417,11-55-46,119.01
1418,11-55-47,119.01
1419,11-55-49,119.01
1420,11-55-51,119.01
1421,11-55-52,119.01
1422,11-55-53,119.01
1423,11-55-54,119.01
1424,11-55-56,119.01
1425,11-55-57,119.01
1426,11-55-58,119.01
1427,11-55-59,119.01
1428,11-56-00,119.01
1429,11-56-01,119.01
1430,11-56-02,
1431,11-56-03,119.01
1432,11-56-04,119.01
1433,11-56-05,119.01
1434,11-56-07,119.01
1435,11-56-08,119.01
1436,11-56-09,119.01
1437,11-56-10,119.01
1438,11-56-12,119.01
1439,11-56-13,119.01
1440,11-56-14,119.01
1441,11-56-15,119.01
1442,11-56-16,119.01
1443,11-56-17,119.01
1444,11-56-18,119.01
1445,11-56-19,119.01
1446,11-56-20,119.01
1447,11-56-21,119.01
1448,11-56-22,119.01
1449,11-56-23,119.01
1450,11-56-24,119.01
1451,11-56-25,119.01
1452,11-56-26,119.01
1453,11-56-28,119.01
1454,11-56-29,119.01
1455,11-56-30,119.01
1456,11-56-31,119.01
1457,11-56-32,119.01
1458,11-56-33,119.01
1459,11-56-34,119.01
1460,11-56-36,119.01
1461,11-56-37,119.01
1462,11-56-38,119.01
1463,11-56-39,119.01
1464,11-56-40,119.01
1465,11-56-41,119.01
1466,11-56-42,119.01
1467,11-56-43,
1468,11-56-44,119.01
1469,11-56-46,119.01
1470,11-56-47,119.01
1471,11-56-48,119.01
1472,11-56-49,119.01
1473,11-56-50,119.01
1474,11-56-51,119.01
1475,11-56-52,119.01
1476,11-56-53,119.01
1477,11-56-54,119.01
1478,11-56-55,119.01
1479,11-56-56,119.01
1480,11-56-57,119.01
1481,11-56-58,119.01
1482,11-56-59,119.01
1483,11-57-00,119.01
1484,11-57-01,119.01
1485,11-57-02,119.01
1486,11-57-03,119.01
1487,11-57-04,119.01
1488,11-57-05,119.01
1489,11-57-06,119.01
1490,11-57-07,119.01
1491,11-57-08,118.95
1492,11-57-10,118.95
1493,11-57-11,118.95
1494,11-57-12,118.95
1495,11-57-13,118.95
1496,11-57-14,118.95
1497,11-57-15,118.95
1498,11-57-17,118.95
1499,11-57-18,118.95
1500,11-57-19,118.95
1501,11-57-20,118.95
1502,11-57-22,118.95
1503,11-57-22,118.95
1504,11-57-23,118.95
1505,11-57-24,118.95
1506,11-57-25,118.95
1507,11-57-26,118.95
1508,11-57-27,118.95
1509,11-57-28,118.95
1510,11-57-32,118.95
1511,11-57-33,118.95
1512,11-57-35,118.95
1513,11-57-36,118.95
1514,11-57-37,118.95
1515,11-57-38,118.95
1516,11-57-39,118.95
1517,11-57-40,118.95
1518,11-57-41,118.95
1519,11-57-42,118.95
1520,11-57-43,118.95
1521,11-57-44,118.95
1522,11-57-45,118.95
1523,11-57-46,118.95
1524,11-57-47,118.95
1525,11-57-48,118.95
1526,11-57-49,118.95
1527,11-57-50,118.95
1528,11-57-51,118.95
1529,11-57-52,118.95
1530,11-57-53,118.95
1531,11-57-54,118.95
1532,11-57-55,118.95
1533,11-57-56,118.95
1534,11-57-57,118.95
1535,11-57-58,118.95
1536,11-57-59,118.95
1537,11-58-00,118.95
1538,11-58-01,118.95
1539,11-58-02,118.95
1540,11-58-05,118.95
1541,11-58-06,118.95
1542,11-58-06,118.95
1543,11-58-07,118.95
1544,11-58-08,118.95
1545,11-58-09,118.95
1546,11-58-10,118.95
1547,11-58-11,118.95
1548,11-58-12,118.95
1549,11-58-13,118.95
1550,11-58-14,118.95
1551,11-58-15,118.95
1552,11-58-16,118.95
1553,11-58-17,118.95
1554,11-58-18,118.95
1555,11-58-19,118.95
1556,11-58-20,118.95
1557,11-58-22,118.95
1558,11-58-23,118.95
1559,11-58-24,118.95
1560,11-58-25,118.95
1561,11-58-27,118.95
1562,11-58-32,118.95
1563,11-58-33,118.95
1564,11-58-33,118.95
1565,11-58-34,118.95
1566,11-58-35,118.95
1567,11-58-36,118.95
1568,11-58-37,118.95
1569,11-58-38,118.95
1570,11-58-39,118.95
1571,11-58-40,118.95
1572,11-58-40,118.95
1573,11-58-41,118.95
1574,11-58-42,118.95
1575,11-58-43,118.95
1576,11-58-44,118.95
1577,11-58-45,118.95
1578,11-58-47,118.95
1579,11-58-48,118.95
1580,11-58-49,118.95
1581,11-58-49,118.95
1582,11-58-50,118.95
1583,11-58-51,118.95
1584,11-58-53,118.95
1585,11-58-54,118.95
1586,11-58-55,118.95
1587,11-58-56,118.95
1588,11-58-57,118.95
1589,11-58-58,118.95
1590,11-58-59,118.95
1591,11-59-00,118.95
1592,11-59-01,118.95
1593,11-59-02,118.950
1594,11-59-03,119.227
1595,11-59-04,119.227
1596,11-59-05,119.23
1597,11-59-06,119.23
1598,11-59-07,119.23
1599,11-59-08,119.23
1600,11-59-09,119.23
1601,11-59-10,119.23
1602,11-59-11,119.23
1603,11-59-12,119.23
1604,11-59-13,119.23
1605,11-59-14,119.23
1606,11-59-15,119.23
1607,11-59-16,119.23
1608,11-59-17,119.23
1609,11-59-18,119.23
1610,11-59-19,119.23
1611,11-59-20,119.11
1612,11-59-21,119.11
1613,11-59-21,119.11
1614,11-59-22,119.11
1615,11-59-25,119.11
1616,11-59-26,119.11
1617,11-59-27,119.11
1618,11-59-28,119.11
1619,11-59-30,119.11
1620,11-59-31,119.11
1621,11-59-32,119.11
1622,11-59-35,119.11
1623,11-59-36,119.11
1624,11-59-37,119.11
1625,11-59-38,119.11
1626,11-59-39,119.11
1627,11-59-40,119.11
1628,11-59-41,119.11
1629,11-59-41,119.11
1630,11-59-43,119.11
1631,11-59-43,119.11
1632,11-59-44,119.11
1633,11-59-45,119.11
1634,11-59-46,119.11
1635,11-59-47,119.11
1636,11-59-48,119.11
1637,11-59-49,119.11
1638,11-59-50,119.11
1639,11-59-51,119.11
1640,11-59-52,119.11
1641,11-59-53,119.11
1642,11-59-54,119.11
1643,11-59-55,119.11
1644,11-59-56,119.11
1645,11-59-57,119.11
1646,11-59-58,119.11
1647,11-59-59,119.11
1648,12-00-00,119.05
