,Time,Price
0,12-00-01,948.00
1,12-00-02,948.00
2,12-00-03,948.00
3,12-00-04,948.00
4,12-00-05,948.00
5,12-00-06,948.00
6,12-00-08,948.00
7,12-00-08,948.00
8,12-00-09,948.00
9,12-00-10,948.00
10,12-00-11,948.00
11,12-00-13,948.01
12,12-00-15,948.01
13,12-00-16,948.01
14,12-00-16,948.01
15,12-00-18,948.01
16,12-00-20,948.01
17,12-00-21,948.20
18,12-00-22,948.20
19,12-00-23,948.20
20,12-00-24,948.20
21,12-00-24,948.20
22,12-00-25,948.20
23,12-00-26,948.20
24,12-00-27,948.20
25,12-00-28,948.20
26,12-00-29,948.20
27,12-00-30,948.20
28,12-00-32,948.20
29,12-00-33,948.20
30,12-00-35,948.20
31,12-00-37,948.2000
32,12-00-38,948.2000
33,12-00-39,948.2000
34,12-00-39,948.2000
35,12-00-40,948.2000
36,12-00-41,948.2000
37,12-00-43,948.2000
38,12-00-44,948.2000
39,12-00-45,948.20
40,12-00-46,948.2484
41,12-00-47,948.2484
42,12-00-48,948.2484
43,12-00-49,948.2484
44,12-00-49,948.2484
45,12-00-50,948.2484
46,12-00-51,948.2484
47,12-00-52,948.2484
48,12-00-53,948.2484
49,12-00-55,948.2484
50,12-00-56,948.2484
51,12-00-58,948.25
52,12-00-59,948.25
53,12-01-00,948.25
54,12-01-01,948.25
55,12-01-02,948.25
56,12-01-03,948.25
57,12-01-04,948.25
58,12-01-05,948.25
59,12-01-06,948.25
60,12-01-07,948.25
61,12-01-07,948.25
62,12-01-08,948.25
63,12-01-09,948.25
64,12-01-10,948.25
65,12-01-11,948.25
66,12-01-12,948.2484
67,12-01-13,948.2484
68,12-01-15,948.2503
69,12-01-17,948.2503
70,12-01-17,948.2503
71,12-01-18,948.2503
72,12-01-19,948.2503
73,12-01-20,948.2503
74,12-01-21,948.2503
75,12-01-22,948.2503
76,12-01-24,948.2503
77,12-01-24,948.2503
78,12-01-25,948.16
79,12-01-26,948.16
80,12-01-28,948.16
81,12-01-28,948.16
82,12-01-29,948.16
83,12-01-31,948.16
84,12-01-31,948.16
85,12-01-32,948.16
86,12-01-33,948.16
87,12-01-34,948.16
88,12-01-35,948.16
89,12-01-35,948.16
90,12-01-36,948.16
91,12-01-37,948.16
92,12-01-39,948.16
93,12-01-40,948.16
94,12-01-41,948.16
95,12-01-42,948.16
96,12-01-43,948.16
97,12-01-44,948.16
98,12-01-46,948.16
99,12-01-48,948.16
100,12-01-49,948.16
101,12-01-51,948.16
102,12-01-51,948.16
103,12-01-52,948.16
104,12-01-53,948.16
105,12-01-54,948.16
106,12-01-55,948.30
107,12-01-56,948.30
108,12-01-57,948.30
109,12-01-58,948.30
110,12-01-59,948.30
111,12-02-01,948.30
112,12-02-01,948.30
113,12-02-02,948.30
114,12-02-03,948.30
115,12-02-04,948.30
116,12-02-05,948.30
117,12-02-06,948.30
118,12-02-07,948.30
119,12-02-08,948.30
120,12-02-09,948.30
121,12-02-10,948.30
122,12-02-11,948.30
123,12-02-12,948.30
124,12-02-13,948.30
125,12-02-15,948.300
126,12-02-16,948.300
127,12-02-18,948.300
128,12-02-19,948.300
129,12-02-20,948.300
130,12-02-20,948.300
131,12-02-22,948.300
132,12-02-23,948.300
133,12-02-24,948.30
134,12-02-25,948.20
135,12-02-26,948.20
136,12-02-26,948.20
137,12-02-27,948.20
138,12-02-28,948.20
139,12-02-29,948.20
140,12-02-30,948.20
141,12-02-31,948.20
142,12-02-33,948.34
143,12-02-34,948.34
144,12-02-35,948.34
145,12-02-36,948.34
146,12-02-37,948.34
147,12-02-38,948.34
148,12-02-39,948.34
149,12-02-39,948.34
150,12-02-40,948.34
151,12-02-41,948.34
152,12-02-42,948.34
153,12-02-44,948.34
154,12-02-45,948.34
155,12-02-46,948.34
156,12-02-47,948.34
157,12-02-47,948.34
158,12-02-49,948.34
159,12-02-49,948.34
160,12-02-50,948.34
161,12-02-51,948.34
162,12-02-52,948.34
163,12-02-53,948.34
164,12-02-54,948.34
165,12-02-55,948.34
166,12-02-56,948.34
167,12-02-57,948.34
168,12-02-58,948.34
169,12-02-59,948.34
170,12-03-00,948.34
171,12-03-01,948.34
172,12-03-02,948.34
173,12-03-04,948.34
174,12-03-05,948.34
175,12-03-07,948.34
176,12-03-08,948.34
177,12-03-10,948.34
178,12-03-11,948.34
179,12-03-13,948.34
180,12-03-14,948.34
181,12-03-15,948.34
182,12-03-15,948.34
183,12-03-16,948.34
184,12-03-17,948.34
185,12-03-18,948.37
186,12-03-19,948.37
187,12-03-20,948.37
188,12-03-21,948.37
189,12-03-22,948.37
190,12-03-23,948.29
191,12-03-24,948.29
192,12-03-25,948.29
193,12-03-26,948.29
194,12-03-27,948.29
195,12-03-27,948.29
196,12-03-28,948.29
197,12-03-29,948.29
198,12-03-30,948.29
199,12-03-31,948.29
200,12-03-32,948.35
201,12-03-33,948.35
202,12-03-34,948.35
203,12-03-35,948.35
204,12-03-37,948.35
205,12-03-38,948.35
206,12-03-40,948.35
207,12-03-41,948.35
208,12-03-41,948.34
209,12-03-42,948.34
210,12-03-43,948.34
211,12-03-44,948.46
212,12-03-45,948.46
213,12-03-46,948.46
214,12-03-47,948.46
215,12-03-48,948.46
216,12-03-48,948.46
217,12-03-49,948.46
218,12-03-50,948.46
219,12-03-51,948.46
220,12-03-52,948.46
221,12-03-53,948.46
222,12-03-54,948.46
223,12-03-55,948.46
224,12-03-55,948.46
225,12-03-56,948.46
226,12-03-57,948.46
227,12-03-58,948.46
228,12-04-00,948.46
229,12-04-02,948.46
230,12-04-03,948.46
231,12-04-04,948.38
232,12-04-05,948.38
233,12-04-06,948.38
234,12-04-07,948.38
235,12-04-08,948.38
236,12-04-09,948.38
237,12-04-10,948.38
238,12-04-11,948.38
239,12-04-12,948.38
240,12-04-13,948.38
241,12-04-14,948.38
242,12-04-15,948.38
243,12-04-16,948.38
244,12-04-17,948.38
245,12-04-18,948.38
246,12-04-19,948.38
247,12-04-21,948.38
248,12-04-22,948.38
249,12-04-23,948.38
250,12-04-24,948.38
251,12-04-25,948.38
252,12-04-26,948.38
253,12-04-27,948.38
254,12-04-28,948.38
255,12-04-29,948.38
256,12-04-30,948.38
257,12-04-31,948.38
258,12-04-32,948.38
259,12-04-33,948.38
260,12-04-34,948.38
261,12-04-35,948.38
262,12-04-35,948.38
263,12-04-36,948.38
264,12-04-37,948.38
265,12-04-38,948.38
266,12-04-39,948.38
267,12-04-40,948.38
268,12-04-41,948.38
269,12-04-42,948.38
270,12-04-43,948.38
271,12-04-44,948.38
272,12-04-45,948.38
273,12-04-47,948.38
274,12-04-48,948.38
275,12-04-50,948.38
276,12-04-52,948.38
277,12-04-53,948.38
278,12-04-54,948.38
279,12-04-55,948.38
280,12-04-56,948.38
281,12-04-57,948.38
282,12-04-58,948.38
283,12-04-59,948.38
284,12-05-00,948.38
285,12-05-01,948.38
286,12-05-02,948.38
287,12-05-03,948.38
288,12-05-04,948.38
289,12-05-05,948.38
290,12-05-06,948.38
291,12-05-07,948.38
292,12-05-08,948.38
293,12-05-09,948.38
294,12-05-10,948.38
295,12-05-11,948.38
296,12-05-12,948.38
297,12-05-12,948.71
298,12-05-13,948.71
299,12-05-14,948.71
300,12-05-15,948.71
301,12-05-16,948.71
302,12-05-17,948.71
303,12-05-18,948.71
304,12-05-19,948.71
305,12-05-21,948.71
306,12-05-22,948.71
307,12-05-23,948.71
308,12-05-25,948.71
309,12-05-27,948.71
310,12-05-28,948.71
311,12-05-29,948.71
312,12-05-30,948.71
313,12-05-31,948.71
314,12-05-32,948.71
315,12-05-33,948.71
316,12-05-34,948.71
317,12-05-35,948.71
318,12-05-36,948.71
319,12-05-37,948.76
320,12-05-38,948.76
321,12-05-39,948.76
322,12-05-40,948.76
323,12-05-41,948.76
324,12-05-42,948.76
325,12-05-43,948.76
326,12-05-44,948.8456
327,12-05-45,948.8456
328,12-05-46,948.8456
329,12-05-48,948.8456
330,12-05-50,948.8456
331,12-05-51,948.8456
332,12-05-53,948.8456
333,12-05-54,948.8456
334,12-05-55,948.8456
335,12-05-56,948.8456
336,12-05-57,948.8456
337,12-05-58,948.8456
338,12-05-58,948.8456
339,12-05-59,948.8456
340,12-06-00,948.85
341,12-06-01,948.85
342,12-06-02,948.85
343,12-06-03,948.85
344,12-06-04,948.85
345,12-06-05,948.85
346,12-06-06,948.85
347,12-06-07,948.85
348,12-06-08,948.85
349,12-06-09,948.85
350,12-06-10,948.85
351,12-06-11,948.85
352,12-06-12,948.85
353,12-06-13,948.85
354,12-06-14,948.85
355,12-06-14,948.8456
356,12-06-15,948.8456
357,12-06-16,948.8456
358,12-06-17,948.8456
359,12-06-18,948.8456
360,12-06-19,948.8456
361,12-06-20,948.8456
362,12-06-21,948.8456
363,12-06-22,948.8456
364,12-06-24,948.84
365,12-06-25,948.84
366,12-06-26,948.72
367,12-06-28,948.72
368,12-06-30,948.72
369,12-06-30,948.72
370,12-06-31,948.72
371,12-06-32,948.72
372,12-06-33,948.72
373,12-06-34,948.72
374,12-06-35,948.72
375,12-06-36,948.72
376,12-06-37,948.72
377,12-06-38,948.72
378,12-06-39,948.72
379,12-06-39,948.72
380,12-06-40,948.8799
381,12-06-41,948.88
382,12-06-42,948.88
383,12-06-43,948.88
384,12-06-44,948.88
385,12-06-45,948.88
386,12-06-46,948.88
387,12-06-47,948.88
388,12-06-48,948.88
389,12-06-49,948.88
390,12-06-49,948.88
391,12-06-50,948.88
392,12-06-51,949.00
393,12-06-52,949.00
394,12-06-53,949.00
395,12-06-54,949.00
396,12-06-55,948.93
397,12-06-56,948.93
398,12-06-57,948.93
399,12-06-58,948.93
400,12-06-59,948.93
401,12-07-00,948.93
402,12-07-01,948.93
403,12-07-02,948.93
404,12-07-04,948.93
405,12-07-05,948.93
406,12-07-07,948.93
407,12-07-08,948.93
408,12-07-09,948.93
409,12-07-10,948.93
410,12-07-10,948.93
411,12-07-11,948.93
412,12-07-12,948.93
413,12-07-13,948.93
414,12-07-14,948.93
415,12-07-15,948.93
416,12-07-16,948.93
417,12-07-17,948.93
418,12-07-18,948.93
419,12-07-19,948.93
420,12-07-19,948.93
421,12-07-20,948.93
422,12-07-21,949.00
423,12-07-22,949.00
424,12-07-23,949.00
425,12-07-24,949.00
426,12-07-25,949.00
427,12-07-26,949.00
428,12-07-27,949.00
429,12-07-28,949.00
430,12-07-29,949.00
431,12-07-30,949.00
432,12-07-31,949.00
433,12-07-32,949.00
434,12-07-33,949.00
435,12-07-34,949.00
436,12-07-35,949.00
437,12-07-36,949.00
438,12-07-37,949.00
439,12-07-38,949.00
440,12-07-40,949.00
441,12-07-42,949.00
442,12-07-43,949.00
443,12-07-44,949.00
444,12-07-45,949.00
445,12-07-46,949.00
446,12-07-47,948.96
447,12-07-48,948.96
448,12-07-49,948.96
449,12-07-50,948.96
450,12-07-51,949.08
451,12-07-51,949.08
452,12-07-52,949.08
453,12-07-53,949.080
454,12-07-54,949.080
455,12-07-55,949.080
456,12-07-56,949.080
457,12-07-57,949.080
458,12-07-58,949.080
459,12-07-59,949.080
460,12-08-00,949.080
461,12-08-01,949.080
462,12-08-02,949.080
463,12-08-03,949.080
464,12-08-04,949.08
465,12-08-05,949.08
466,12-08-06,949.18
467,12-08-07,949.18
468,12-08-09,949.18
469,12-08-10,949.18
470,12-08-12,949.18
471,12-08-13,949.18
472,12-08-15,949.18
473,12-08-15,949.18
474,12-08-16,949.18
475,12-08-17,949.18
476,12-08-18,949.18
477,12-08-19,949.18
478,12-08-20,949.18
479,12-08-21,949.18
480,12-08-22,949.18
481,12-08-23,949.18
482,12-08-23,949.18
483,12-08-24,949.18
484,12-08-25,949.18
485,12-08-26,949.18
486,12-08-27,949.18
487,12-08-28,949.18
488,12-08-29,949.18
489,12-08-30,949.18
490,12-08-35,949.18
491,12-08-36,949.18
492,12-08-37,949.18
493,12-08-38,949.18
494,12-08-39,949.18
495,12-08-40,949.18
496,12-08-41,949.18
497,12-08-42,949.18
498,12-08-43,949.15
499,12-08-44,949.15
500,12-08-44,949.15
501,12-08-45,949.15
502,12-08-46,949.15
503,12-08-47,949.15
504,12-08-48,949.15
505,12-08-49,949.15
506,12-08-50,949.15
507,12-08-52,949.15
508,12-08-54,949.15
509,12-08-55,949.15
510,12-08-56,949.1977
511,12-08-57,949.1977
512,12-08-58,949.1977
513,12-08-59,949.1977
514,12-09-00,949.1977
515,12-09-01,949.1977
516,12-09-02,949.1977
517,12-09-03,949.1977
518,12-09-04,949.1977
519,12-09-05,949.1977
520,12-09-06,949.1977
521,12-09-07,949.1977
522,12-09-08,949.1977
523,12-09-09,949.1977
524,12-09-10,949.1977
525,12-09-10,949.1977
526,12-09-12,949.1977
527,12-09-12,949.1977
528,12-09-13,949.198
529,12-09-14,949.198
530,12-09-15,949.198
531,12-09-17,949.20
532,12-09-18,949.20
533,12-09-20,949.12
534,12-09-21,949.12
535,12-09-22,949.12
536,12-09-23,949.12
537,12-09-24,949.12
538,12-09-25,949.12
539,12-09-26,949.12
540,12-09-27,949.12
541,12-09-28,949.12
542,12-09-29,949.12
543,12-09-30,949.12
544,12-09-31,949.12
545,12-09-32,949.12
546,12-09-33,949.10
547,12-09-33,949.10
548,12-09-34,949.10
549,12-09-35,949.10
550,12-09-36,949.10
551,12-09-37,949.10
552,12-09-38,949.10
553,12-09-39,949.10
554,12-09-40,949.10
555,12-09-41,949.10
556,12-09-42,949.10
557,12-09-42,949.10
558,12-09-44,949.10
559,12-09-45,949.10
560,12-09-47,949.11
561,12-09-48,949.11
562,12-09-50,949.05
563,12-09-51,949.05
564,12-09-52,949.05
565,12-09-53,949.05
566,12-09-54,949.05
567,12-09-55,949.05
568,12-09-55,949.05
569,12-09-56,949.05
570,12-09-57,949.05
571,12-09-58,949.05
572,12-09-59,949.05
573,12-10-00,949.05
574,12-10-01,949.05
575,12-10-02,949.05
576,12-10-03,949.05
577,12-10-04,949.05
578,12-10-05,949.05
579,12-10-06,949.05
580,12-10-07,949.05
581,12-10-07,949.05
582,12-10-08,949.05
583,12-10-09,949.05
584,12-10-10,949.05
585,12-10-11,949.05
586,12-10-13,949.05
587,12-10-14,949.05
588,12-10-16,949.05
589,12-10-17,949.05
590,12-10-19,949.05
591,12-10-20,949.05
592,12-10-21,949.05
593,12-10-21,949.05
594,12-10-22,949.05
595,12-10-23,949.05
596,12-10-24,949.05
597,12-10-25,949.05
598,12-10-26,949.05
599,12-10-27,949.05
600,12-10-28,949.05
601,12-10-29,949.05
602,12-10-30,949.05
603,12-10-31,949.05
604,12-10-32,949.05
605,12-10-33,
606,12-10-34,949.18
607,12-10-35,949.18
608,12-10-36,949.18
609,12-10-36,949.18
610,12-10-37,949.18
611,12-10-38,949.18
612,12-10-39,949.18
613,12-10-40,949.18
614,12-10-42,949.18
615,12-10-43,949.18
616,12-10-45,949.15
617,12-10-46,949.15
618,12-10-48,949.15
619,12-10-49,949.15
620,12-10-50,949.15
621,12-10-51,949.15
622,12-10-52,949.15
623,12-10-52,949.15
624,12-10-54,949.15
625,12-10-55,949.15
626,12-10-56,949.15
627,12-10-57,949.15
628,12-10-57,949.15
629,12-10-58,949.15
630,12-10-59,949.15
631,12-11-00,949.15
632,12-11-01,949.15
633,12-11-02,949.15
634,12-11-02,949.15
635,12-11-03,949.15
636,12-11-04,949.15
637,12-11-05,949.15
638,12-11-06,949.15
639,12-11-07,949.15
640,12-11-08,949.15
641,12-11-09,949.15
642,12-11-11,949.15
643,12-11-12,949.15
644,12-11-14,949.15
645,12-11-15,949.15
646,12-11-16,949.15
647,12-11-17,949.15
648,12-11-18,949.1500
649,12-11-19,949.1500
650,12-11-20,949.36
651,12-11-20,949.36
652,12-11-21,949.36
653,12-11-22,949.36
654,12-11-23,949.36
655,12-11-24,949.36
656,12-11-25,949.36
657,12-11-26,949.36
658,12-11-27,949.36
659,12-11-28,949.36
660,12-11-28,949.36
661,12-11-29,949.36
662,12-11-30,949.36
663,12-11-31,949.36
664,12-11-32,949.36
665,12-11-33,949.36
666,12-11-34,949.36
667,12-11-35,949.36
668,12-11-35,949.36
669,12-11-36,949.23
670,12-11-37,949.23
671,12-11-38,949.35
672,12-11-39,949.26
673,12-11-40,949.26
674,12-11-41,949.26
675,12-11-42,949.26
676,12-11-42,949.26
677,12-11-44,949.26
678,12-11-44,949.26
679,12-11-45,949.26
680,12-11-46,949.26
681,12-11-47,949.26
682,12-11-48,949.26
683,12-11-49,949.26
684,12-11-50,949.26
685,12-11-50,949.21
686,12-11-51,949.21
687,12-11-52,949.21
688,12-11-53,949.21
689,12-11-54,949.21
690,12-11-55,949.21
691,12-11-55,949.21
692,12-11-56,949.21
693,12-11-57,949.21
694,12-11-59,949.21
695,12-12-00,949.21
696,12-12-02,949.21
697,12-12-03,949.21
698,12-12-05,948.99
699,12-12-06,948.990
700,12-12-08,948.775
701,12-12-09,948.775
702,12-12-11,948.78
703,12-12-12,948.72
704,12-12-13,948.72
705,12-12-14,948.72
706,12-12-15,948.72
707,12-12-16,948.72
708,12-12-17,948.72
709,12-12-18,948.72
710,12-12-19,948.72
711,12-12-19,948.72
712,12-12-20,948.72
713,12-12-21,948.72
714,12-12-22,948.72
715,12-12-23,948.72
716,12-12-23,948.83
717,12-12-24,948.83
718,12-12-25,948.83
719,12-12-26,948.83
720,12-12-27,948.83
721,12-12-28,948.83
722,12-12-29,948.83
723,12-12-31,948.83
724,12-12-32,948.83
725,12-12-34,948.83
726,12-12-35,948.83
727,12-12-35,948.83
728,12-12-36,948.83
729,12-12-37,948.83
730,12-12-38,948.83
731,12-12-39,948.83
732,12-12-42,949.52
733,12-12-43,949.52
734,12-12-44,949.52
735,12-12-45,949.52
736,12-12-46,949.52
737,12-12-47,949.52
738,12-12-48,949.52
739,12-12-49,949.52
740,12-12-49,949.52
741,12-12-50,949.52
742,12-12-52,949.52
743,12-12-53,949.52
744,12-12-55,949.52
745,12-12-56,949.52
746,12-12-57,949.54
747,12-12-58,949.54
748,12-12-59,949.54
749,12-13-00,949.54
750,12-13-00,949.54
751,12-13-01,949.54
752,12-13-02,949.54
753,12-13-03,949.54
754,12-13-04,949.54
755,12-13-05,949.54
756,12-13-06,949.56
757,12-13-07,949.56
758,12-13-08,949.56
759,12-13-09,949.81
760,12-13-10,949.81
761,12-13-10,949.81
762,12-13-11,949.81
763,12-13-12,949.81
764,12-13-13,949.81
765,12-13-14,949.81
766,12-13-15,949.8100
767,12-13-16,949.8100
768,12-13-17,949.8100
769,12-13-18,949.8100
770,12-13-19,949.8100
771,12-13-19,949.8100
772,12-13-21,949.8100
773,12-13-23,949.655
774,12-13-24,949.655
775,12-13-26,949.655
776,12-13-26,949.655
777,12-13-27,949.655
778,12-13-28,949.655
779,12-13-29,949.655
780,12-13-30,949.655
781,12-13-31,949.655
782,12-13-32,949.655
783,12-13-33,949.655
784,12-13-34,949.655
785,12-13-35,949.655
786,12-13-36,949.66
787,12-13-37,949.66
788,12-13-38,949.66
789,12-13-39,949.66
790,12-13-40,949.66
791,12-13-40,949.66
792,12-13-42,949.66
793,12-13-43,949.66
794,12-13-45,949.66
795,12-13-46,949.66
796,12-13-48,949.66
797,12-13-49,949.66
798,12-13-50,949.66
799,12-13-51,949.66
800,12-13-52,949.66
801,12-13-53,949.66
802,12-13-54,949.66
803,12-13-55,949.66
804,12-13-56,949.66
805,12-13-57,949.66
806,12-13-58,949.66
807,12-13-59,949.66
808,12-14-00,949.66
809,12-14-01,949.66
810,12-14-02,949.66
811,12-14-03,949.66
812,12-14-03,949.66
813,12-14-04,949.66
814,12-14-05,949.71
815,12-14-06,949.71
816,12-14-07,949.71
817,12-14-09,949.60
818,12-14-11,949.60
819,12-14-12,949.60
820,12-14-14,949.59
821,12-14-15,949.59
822,12-14-16,949.59
823,12-14-17,949.59
824,12-14-18,949.59
825,12-14-19,949.59
826,12-14-20,949.59
827,12-14-20,949.59
828,12-14-21,949.59
829,12-14-22,949.59
830,12-14-23,949.59
831,12-14-24,949.59
832,12-14-25,949.59
833,12-14-26,949.59
834,12-14-27,949.59
835,12-14-28,949.59
836,12-14-28,949.59
837,12-14-30,949.59
838,12-14-30,949.59
839,12-14-31,949.59
840,12-14-32,949.59
841,12-14-33,949.59
842,12-14-34,949.590
843,12-14-35,949.65
844,12-14-36,949.65
845,12-14-37,949.65
846,12-14-38,949.65
847,12-14-38,949.65
848,12-14-39,949.71
849,12-14-40,949.71
850,12-14-42,949.71
851,12-14-43,949.71
852,12-14-45,949.52
853,12-14-46,949.52
854,12-14-47,949.52
855,12-14-48,949.52
856,12-14-48,949.52
857,12-14-49,949.52
858,12-14-50,949.56
859,12-14-51,949.56
860,12-14-52,949.56
861,12-14-53,949.56
862,12-14-54,949.56
863,12-14-55,949.56
864,12-14-56,949.56
865,12-14-57,949.56
866,12-14-58,949.56
867,12-14-59,949.56
868,12-15-00,949.56
869,12-15-01,949.56
870,12-15-03,949.56
871,12-15-04,949.56
872,12-15-06,949.56
873,12-15-07,949.56
874,12-15-08,949.56
875,12-15-09,949.56
876,12-15-10,949.56
877,12-15-10,949.56
878,12-15-11,949.56
879,12-15-12,949.56
880,12-15-13,949.56
881,12-15-14,949.56
882,12-15-15,949.56
883,12-15-16,949.56
884,12-15-17,949.56
885,12-15-18,949.56
886,12-15-19,949.57
887,12-15-19,949.57
888,12-15-20,949.57
889,12-15-21,949.57
890,12-15-22,949.57
891,12-15-23,949.57
892,12-15-24,949.57
893,12-15-25,949.57
894,12-15-26,949.57
895,12-15-27,949.57
896,12-15-28,949.57
897,12-15-30,949.57
898,12-15-31,949.57
899,12-15-33,949.57
900,12-15-34,949.57
901,12-15-35,949.57
902,12-15-36,949.57
903,12-15-37,949.57
904,12-15-38,949.57
905,12-15-39,949.57
906,12-15-40,949.57
907,12-15-40,949.57
908,12-15-41,949.57
909,12-15-42,949.57
910,12-15-43,949.57
911,12-15-44,949.57
912,12-15-44,949.57
913,12-15-45,949.57
914,12-15-46,949.57
915,12-15-47,949.57
916,12-15-48,949.57
917,12-15-49,949.57
918,12-15-50,949.57
919,12-15-51,949.57
920,12-15-52,949.57
921,12-15-53,949.57
922,12-15-54,949.57
923,12-15-55,949.57
924,12-15-56,949.57
925,12-15-57,949.57
926,12-15-58,949.57
927,12-15-59,949.57
928,12-16-00,949.57
929,12-16-01,949.28
930,12-16-02,949.28
931,12-16-03,949.28
932,12-16-03,949.28
933,12-16-04,949.28
934,12-16-05,949.28
935,12-16-06,949.28
936,12-16-07,949.28
937,12-16-08,949.28
938,12-16-09,949.28
939,12-16-10,949.28
940,12-16-11,949.28
941,12-16-11,949.28
942,12-16-12,949.28
943,12-16-13,949.28
944,12-16-14,949.28
945,12-16-15,949.28
946,12-16-15,949.28
947,12-16-17,949.28
948,12-16-17,949.28
949,12-16-18,949.28
950,12-16-19,949.28
951,12-16-20,949.28
952,12-16-22,949.28
953,12-16-24,949.28
954,12-16-25,949.28
955,12-16-27,949.28
956,12-16-28,949.28
957,12-16-30,949.28
958,12-16-32,949.28
959,12-16-33,949.28
960,12-16-34,949.28
961,12-16-35,949.28
962,12-16-36,949.28
963,12-16-37,949.28
964,12-16-37,949.28
965,12-16-38,949.28
966,12-16-39,949.28
967,12-16-40,949.28
968,12-16-41,949.28
969,12-16-42,949.28
970,12-16-43,949.40
971,12-16-44,949.40
972,12-16-45,949.40
973,12-16-45,949.40
974,12-16-46,949.40
975,12-16-47,949.40
976,12-16-48,949.40
977,12-16-49,949.40
978,12-16-50,949.40
979,12-16-51,949.40
980,12-16-52,949.40
981,12-16-54,949.40
982,12-16-55,949.40
983,12-16-57,949.40
984,12-16-58,949.40
985,12-16-59,949.40
986,12-17-00,949.40
987,12-17-01,949.40
988,12-17-02,949.40
989,12-17-03,949.40
990,12-17-03,949.40
991,12-17-04,949.40
992,12-17-05,949.40
993,12-17-06,949.40
994,12-17-07,949.40
995,12-17-08,949.40
996,12-17-09,949.40
997,12-17-09,949.40
998,12-17-10,949.40
999,12-17-11,949.40
1000,12-17-12,949.40
1001,12-17-13,949.40
1002,12-17-14,949.40
1003,12-17-15,949.40
1004,12-17-16,949.40
1005,12-17-16,949.40
1006,12-17-17,949.33
1007,12-17-18,949.33
1008,12-17-19,949.33
1009,12-17-20,949.33
1010,12-17-21,949.33
1011,12-17-22,949.33
1012,12-17-23,949.33
1013,12-17-24,949.33
1014,12-17-24,949.33
1015,12-17-25,949.33
1016,12-17-26,949.33
1017,12-17-27,949.33
1018,12-17-28,949.33
1019,12-17-29,949.33
1020,12-17-31,949.33
1021,12-17-32,949.33
1022,12-17-34,949.31
1023,12-17-35,949.31
1024,12-17-36,949.31
1025,12-17-37,949.31
1026,12-17-38,949.31
1027,12-17-38,949.31
1028,12-17-39,949.31
1029,12-17-40,949.31
1030,12-17-41,949.31
1031,12-17-42,949.31
1032,12-17-43,949.31
1033,12-17-44,949.31
1034,12-17-44,949.31
1035,12-17-45,949.31
1036,12-17-46,949.31
1037,12-17-47,949.31
1038,12-17-48,949.31
1039,12-17-49,949.31
1040,12-17-50,949.31
1041,12-17-51,949.31
1042,12-17-52,949.31
1043,12-17-54,949.31
1044,12-17-55,949.31
1045,12-17-57,949.31
1046,12-17-58,949.31
1047,12-17-59,949.31
1048,12-17-59,949.31
1049,12-18-00,949.31
1050,12-18-01,949.31
1051,12-18-02,949.31
1052,12-18-03,949.31
1053,12-18-04,949.31
1054,12-18-05,949.31
1055,12-18-06,949.31
1056,12-18-07,949.11
1057,12-18-08,949.11
1058,12-18-09,949.11
1059,12-18-09,949.11
1060,12-18-10,949.11
1061,12-18-11,949.11
1062,12-18-13,949.11
1063,12-18-14,949.11
1064,12-18-15,949.11
1065,12-18-16,949.11
1066,12-18-18,949.11
1067,12-18-20,949.11
1068,12-18-20,949.11
1069,12-18-22,949.11
1070,12-18-22,949.11
1071,12-18-23,949.11
1072,12-18-24,949.11
1073,12-18-25,949.11
1074,12-18-26,949.11
1075,12-18-27,949.11
1076,12-18-28,949.11
1077,12-18-29,949.11
1078,12-18-30,949.11
1079,12-18-31,949.11
1080,12-18-32,949.11
1081,12-18-32,949.11
1082,12-18-33,949.11
1083,12-18-34,949.11
1084,12-18-35,949.11
1085,12-18-36,949.11
1086,12-18-37,949.11
1087,12-18-38,949.11
1088,12-18-39,949.11
1089,12-18-41,949.11
1090,12-18-42,949.11
1091,12-18-44,949.11
1092,12-18-46,949.11
1093,12-18-46,949.11
1094,12-18-47,949.11
1095,12-18-48,949.11
1096,12-18-49,949.11
1097,12-18-50,949.11
1098,12-18-51,949.11
1099,12-18-52,949.11
1100,12-18-52,949.11
1101,12-18-53,949.11
1102,12-18-54,949.11
1103,12-18-55,949.11
1104,12-18-56,949.11
1105,12-18-57,949.11
1106,12-18-58,949.11
1107,12-18-59,949.11
1108,12-19-00,949.1411
1109,12-19-01,949.14
1110,12-19-02,949.14
1111,12-19-03,949.09
1112,12-19-04,949.09
1113,12-19-05,949.09
1114,12-19-06,949.09
1115,12-19-06,949.09
1116,12-19-07,949.09
1117,12-19-08,949.09
1118,12-19-09,949.09
1119,12-19-10,949.09
1120,12-19-11,949.09
1121,12-19-12,949.09
1122,12-19-14,949.09
1123,12-19-16,949.09
1124,12-19-17,949.09
1125,12-19-19,949.09
1126,12-19-19,949.09
1127,12-19-20,949.09
1128,12-19-21,949.09
1129,12-19-22,949.09
1130,12-19-23,949.09
1131,12-19-24,949.02
1132,12-19-25,949.02
1133,12-19-26,949.02
1134,12-19-27,949.02
1135,12-19-28,948.83
1136,12-19-29,948.83
1137,12-19-30,948.98
1138,12-19-31,948.98
1139,12-19-32,948.98
1140,12-19-34,948.9800
1141,12-19-35,948.8326
1142,12-19-37,948.8326
1143,12-19-38,948.8326
1144,12-19-39,948.8326
1145,12-19-40,948.8326
1146,12-19-41,948.8326
1147,12-19-42,948.8326
1148,12-19-43,948.8326
1149,12-19-44,948.8326
1150,12-19-44,948.8326
1151,12-19-45,948.8326
1152,12-19-46,948.8326
1153,12-19-47,948.8326
1154,12-19-48,948.8326
1155,12-19-49,948.8326
1156,12-19-50,948.8326
1157,12-19-50,948.8326
1158,12-19-51,948.87
1159,12-19-52,948.87
1160,12-19-54,948.87
1161,12-19-55,948.87
1162,12-19-56,948.87
1163,12-19-57,948.87
1164,12-19-58,948.87
1165,12-19-58,948.87
1166,12-19-59,948.87
1167,12-20-00,948.87
1168,12-20-02,948.87
1169,12-20-03,948.87
1170,12-20-05,948.87
1171,12-20-07,948.8700
1172,12-20-08,948.6768
1173,12-20-08,948.67
1174,12-20-09,948.67
1175,12-20-10,948.785
1176,12-20-11,948.785
1177,12-20-12,948.785
1178,12-20-13,948.785
1179,12-20-14,948.785
1180,12-20-15,948.785
1181,12-20-16,948.785
1182,12-20-17,948.785
1183,12-20-17,948.785
1184,12-20-18,948.785
1185,12-20-19,948.785
1186,12-20-20,948.785
1187,12-20-21,948.785
1188,12-20-22,948.785
1189,12-20-23,948.785
1190,12-20-24,948.785
1191,12-20-26,948.785
1192,12-20-27,948.785
1193,12-20-28,948.785
1194,12-20-30,948.785
1195,12-20-31,948.57
1196,12-20-33,948.57
1197,12-20-33,948.57
1198,12-20-34,948.57
1199,12-20-35,948.57
1200,12-20-36,948.57
1201,12-20-37,948.57
1202,12-20-38,948.57
1203,12-20-39,948.57
1204,12-20-39,948.57
1205,12-20-40,948.57
1206,12-20-41,948.57
1207,12-20-42,948.57
1208,12-20-43,948.57
1209,12-20-44,948.57
1210,12-20-44,948.57
1211,12-20-45,948.57
1212,12-20-46,948.57
1213,12-20-47,948.57
1214,12-20-48,948.57
1215,12-20-49,948.57
1216,12-20-50,948.66
1217,12-20-51,948.66
1218,12-20-52,948.66
1219,12-20-52,948.66
1220,12-20-53,948.66
1221,12-20-54,948.66
1222,12-20-55,948.66
1223,12-20-56,948.66
1224,12-20-57,948.66
1225,12-20-57,948.66
1226,12-20-58,948.66
1227,12-20-59,948.66
1228,12-21-00,948.66
1229,12-21-01,948.66
1230,12-21-01,948.66
1231,12-21-02,948.66
1232,12-21-03,948.66
1233,12-21-04,948.66
1234,12-21-05,948.66
1235,12-21-06,948.66
1236,12-21-07,948.65
1237,12-21-08,948.65
1238,12-21-09,948.65
1239,12-21-10,948.65
1240,12-21-12,948.65
1241,12-21-14,948.65
1242,12-21-15,948.65
1243,12-21-15,948.65
1244,12-21-16,948.65
1245,12-21-17,948.65
1246,12-21-18,948.65
1247,12-21-19,948.65
1248,12-21-20,948.65
1249,12-21-21,948.65
1250,12-21-21,948.65
1251,12-21-22,948.65
1252,12-21-23,948.65
1253,12-21-24,948.36
1254,12-21-25,948.36
1255,12-21-26,948.36
1256,12-21-27,948.36
1257,12-21-28,948.36
1258,12-21-29,948.36
1259,12-21-29,948.36
1260,12-21-30,948.36
1261,12-21-31,948.36
1262,12-21-32,948.36
1263,12-21-33,948.36
1264,12-21-34,948.36
1265,12-21-35,948.36
1266,12-21-36,948.36
1267,12-21-38,948.50
1268,12-21-39,948.50
1269,12-21-41,948.50
1270,12-21-42,948.50
1271,12-21-42,948.50
1272,12-21-43,948.50
1273,12-21-44,948.50
1274,12-21-45,948.50
1275,12-21-46,948.50
1276,12-21-47,948.50
1277,12-21-48,948.65
1278,12-21-49,948.65
1279,12-21-50,948.65
1280,12-21-51,948.65
1281,12-21-52,948.65
1282,12-21-52,948.65
1283,12-21-53,948.65
1284,12-21-54,948.65
1285,12-21-55,948.65
1286,12-21-56,948.650
1287,12-21-57,948.650
1288,12-21-59,948.53
1289,12-22-00,948.53
1290,12-22-01,948.53
1291,12-22-02,948.53
1292,12-22-03,948.53
1293,12-22-04,948.53
1294,12-22-05,948.53
1295,12-22-06,948.53
1296,12-22-07,948.53
1297,12-22-08,948.53
1298,12-22-09,948.55
1299,12-22-09,948.55
1300,12-22-10,948.55
1301,12-22-11,948.55
1302,12-22-12,948.55
1303,12-22-13,948.55
1304,12-22-14,948.55
1305,12-22-15,948.55
1306,12-22-16,948.55
1307,12-22-18,948.55
1308,12-22-19,948.55
1309,12-22-20,948.55
1310,12-22-22,948.55
1311,12-22-22,948.55
1312,12-22-23,948.55
1313,12-22-24,948.55
1314,12-22-25,948.55
1315,12-22-26,948.55
1316,12-22-27,948.55
1317,12-22-28,948.55
1318,12-22-28,948.55
1319,12-22-30,948.55
1320,12-22-31,948.41
1321,12-22-31,948.41
1322,12-22-32,948.41
1323,12-22-33,948.41
1324,12-22-34,948.41
1325,12-22-35,948.41
1326,12-22-36,948.41
1327,12-22-37,948.41
1328,12-22-38,948.41
1329,12-22-39,948.41
1330,12-22-40,948.41
1331,12-22-41,948.41
1332,12-22-42,948.41
1333,12-22-44,948.41
1334,12-22-45,948.41
1335,12-22-47,948.41
1336,12-22-47,948.41
1337,12-22-48,948.41
1338,12-22-49,948.44
1339,12-22-50,948.44
1340,12-22-51,948.44
1341,12-22-52,948.61
1342,12-22-53,948.61
1343,12-22-54,948.61
1344,12-22-55,948.61
1345,12-22-58,948.61
1346,12-22-59,948.61
1347,12-23-00,948.61
1348,12-23-01,948.61
1349,12-23-02,948.61
1350,12-23-03,948.61
1351,12-23-04,948.61
1352,12-23-05,948.61
1353,12-23-06,948.61
1354,12-23-06,948.61
1355,12-23-08,948.61
1356,12-23-09,948.61
1357,12-23-11,948.61
1358,12-23-13,948.61
1359,12-23-13,948.31
1360,12-23-14,948.31
1361,12-23-15,948.31
1362,12-23-16,948.31
1363,12-23-17,948.40
1364,12-23-18,948.41
1365,12-23-19,948.41
1366,12-23-20,948.41
1367,12-23-21,948.41
1368,12-23-22,948.41
1369,12-23-23,948.41
1370,12-23-24,948.41
1371,12-23-25,948.42
1372,12-23-26,948.42
1373,12-23-26,948.42
1374,12-23-27,948.42
1375,12-23-28,948.42
1376,12-23-29,948.42
1377,12-23-30,948.42
1378,12-23-32,948.42
1379,12-23-33,948.42
1380,12-23-35,948.3384
1381,12-23-36,948.3384
1382,12-23-38,948.3384
1383,12-23-39,948.3384
1384,12-23-40,948.3384
1385,12-23-40,948.3384
1386,12-23-41,948.3384
1387,12-23-42,948.3384
1388,12-23-43,948.3384
1389,12-23-44,948.3384
1390,12-23-45,948.3384
1391,12-23-46,948.3384
1392,12-23-47,948.3384
1393,12-23-48,948.3384
1394,12-23-49,948.3384
1395,12-23-50,948.3384
1396,12-23-51,948.3384
1397,12-23-52,948.3384
1398,12-23-53,948.3384
1399,12-23-53,948.3384
1400,12-23-54,948.3384
1401,12-23-55,948.3384
1402,12-23-56,948.3384
1403,12-23-57,948.3384
1404,12-23-58,948.34
1405,12-24-00,948.34
1406,12-24-02,948.34
1407,12-24-03,948.34
1408,12-24-05,948.34
1409,12-24-06,948.34
1410,12-24-07,948.34
1411,12-24-08,948.34
1412,12-24-09,948.34
1413,12-24-10,948.34
1414,12-24-10,948.34
1415,12-24-11,948.34
1416,12-24-12,948.34
1417,12-24-13,948.34
1418,12-24-14,948.34
1419,12-24-15,948.34
1420,12-24-15,948.34
1421,12-24-16,948.34
1422,12-24-17,948.34
1423,12-24-18,948.34
1424,12-24-19,948.34
1425,12-24-20,948.34
1426,12-24-21,948.34
1427,12-24-22,948.34
1428,12-24-23,948.34
1429,12-24-24,948.34
1430,12-24-25,948.34
1431,12-24-26,948.34
1432,12-24-27,948.34
1433,12-24-27,948.22
1434,12-24-28,948.22
1435,12-24-29,948.22
1436,12-24-30,948.22
1437,12-24-31,948.35
1438,12-24-32,948.35
1439,12-24-34,948.3623
1440,12-24-35,948.36
1441,12-24-37,948.22
1442,12-24-38,948.22
1443,12-24-38,948.22
1444,12-24-39,948.22
1445,12-24-40,948.22
1446,12-24-41,948.22
1447,12-24-42,948.22
1448,12-24-43,948.22
1449,12-24-44,948.22
1450,12-24-45,948.22
1451,12-24-45,948.22
1452,12-24-46,948.22
1453,12-24-47,948.22
1454,12-24-48,948.22
1455,12-24-49,948.22
1456,12-24-50,948.22
1457,12-24-51,948.22
1458,12-24-52,948.22
1459,12-24-52,948.22
1460,12-24-53,948.2200
1461,12-24-54,948.16
1462,12-24-56,948.18
1463,12-24-58,948.18
1464,12-25-00,948.18
1465,12-25-01,948.18
1466,12-25-03,948.18
1467,12-25-04,948.18
1468,12-25-04,948.18
1469,12-25-06,948.18
1470,12-25-07,948.18
1471,12-25-07,948.11
1472,12-25-08,948.11
1473,12-25-12,948.11
1474,12-25-13,948.11
1475,12-25-14,948.11
1476,12-25-15,948.11
1477,12-25-16,948.11
1478,12-25-17,948.11
1479,12-25-18,948.11
1480,12-25-18,948.11
1481,12-25-19,948.11
1482,12-25-20,948.00
1483,12-25-21,948.00
1484,12-25-22,948.00
1485,12-25-23,948.00
1486,12-25-24,948.00
1487,12-25-25,948.00
1488,12-25-26,948.00
1489,12-25-26,948.00
1490,12-25-27,948.00
1491,12-25-29,948.00
1492,12-25-31,948.00
1493,12-25-32,948.00
1494,12-25-34,948.00
1495,12-25-35,948.00
1496,12-25-35,948.01
1497,12-25-36,948.01
1498,12-25-37,947.85
1499,12-25-38,947.85
1500,12-25-39,947.85
1501,12-25-40,947.85
1502,12-25-41,947.85
1503,12-25-42,947.85
1504,12-25-43,948.03
1505,12-25-44,948.03
1506,12-25-45,948.03
1507,12-25-45,948.03
1508,12-25-46,948.03
1509,12-25-47,948.03
1510,12-25-48,948.03
1511,12-25-49,948.03
1512,12-25-50,948.15
1513,12-25-51,948.15
1514,12-25-52,948.15
1515,12-25-53,948.15
1516,12-25-54,948.15
1517,12-25-55,948.15
1518,12-25-55,948.15
1519,12-25-56,948.15
1520,12-25-57,948.15
1521,12-25-58,948.15
1522,12-25-59,948.15
1523,12-26-01,948.15
1524,12-26-03,948.15
1525,12-26-04,948.15
1526,12-26-06,948.15
1527,12-26-07,948.15
1528,12-26-08,948.15
1529,12-26-09,948.15
1530,12-26-10,948.15
1531,12-26-11,948.15
1532,12-26-12,948.15
1533,12-26-13,948.15
1534,12-26-14,948.15
1535,12-26-15,948.15
1536,12-26-16,947.93
1537,12-26-17,947.93
1538,12-26-18,947.93
1539,12-26-19,947.93
1540,12-26-20,947.93
1541,12-26-21,947.93
1542,12-26-22,947.93
1543,12-26-23,947.93
1544,12-26-24,947.93
1545,12-26-26,947.93
1546,12-26-27,947.93
1547,12-26-29,947.93
1548,12-26-30,947.93
1549,12-26-31,947.93
1550,12-26-32,947.93
1551,12-26-33,947.93
1552,12-26-34,947.93
1553,12-26-35,947.93
1554,12-26-36,947.93
1555,12-26-37,947.93
1556,12-26-38,947.93
1557,12-26-38,947.93
1558,12-26-39,947.93
1559,12-26-40,947.93
1560,12-26-41,947.70
1561,12-26-42,947.70
1562,12-26-43,947.70
1563,12-26-44,947.70
1564,12-26-44,947.70
1565,12-26-45,947.70
1566,12-26-46,947.70
1567,12-26-47,947.70
1568,12-26-48,947.70
1569,12-26-49,947.99
1570,12-26-51,947.99
1571,12-26-52,947.99
1572,12-26-54,947.99
1573,12-26-55,947.99
1574,12-26-56,947.99
1575,12-26-57,947.99
1576,12-26-58,947.99
1577,12-26-58,947.99
1578,12-26-59,947.99
1579,12-27-00,947.99
1580,12-27-01,947.99
1581,12-27-02,947.99
1582,12-27-03,947.99
1583,12-27-04,947.99
1584,12-27-05,947.99
1585,12-27-06,947.99
1586,12-27-07,947.99
1587,12-27-08,947.99
1588,12-27-09,947.99
1589,12-27-10,947.99
1590,12-27-11,947.99
1591,12-27-12,947.99
1592,12-27-14,947.99
1593,12-27-15,947.99
1594,12-27-17,947.99
1595,12-27-19,947.99
1596,12-27-20,947.99
1597,12-27-21,947.99
1598,12-27-22,947.99
1599,12-27-23,947.99
1600,12-27-24,947.99
1601,12-27-25,947.99
1602,12-27-26,947.99
1603,12-27-27,947.99
1604,12-27-28,947.99
1605,12-27-29,947.99
1606,12-27-30,947.99
1607,12-27-31,947.99
1608,12-27-32,947.99
1609,12-27-32,947.99
1610,12-27-33,947.99
1611,12-27-34,947.99
1612,12-27-35,948.21
1613,12-27-36,948.21
1614,12-27-37,948.21
1615,12-27-38,948.21
1616,12-27-39,948.21
1617,12-27-40,948.21
1618,12-27-41,948.21
1619,12-27-42,948.21
1620,12-27-42,948.21
1621,12-27-43,948.21
1622,12-27-44,948.21
1623,12-27-45,948.21
1624,12-27-46,948.21
1625,12-27-47,948.21
1626,12-27-48,948.21
1627,12-27-49,948.2899
1628,12-27-50,948.2899
1629,12-27-51,948.2899
1630,12-27-52,948.30
1631,12-27-53,948.305
1632,12-27-55,948.30
1633,12-27-56,948.30
1634,12-27-58,948.30
1635,12-28-00,948.30
1636,12-28-00,948.30
1637,12-28-01,948.30
1638,12-28-02,948.30
1639,12-28-03,948.30
1640,12-28-04,948.30
1641,12-28-05,948.30
1642,12-28-07,948.30
1643,12-28-08,948.30
1644,12-28-08,948.30
1645,12-28-09,948.30
1646,12-28-10,948.31
1647,12-28-11,948.31
1648,12-28-13,948.31
1649,12-28-13,948.31
1650,12-28-14,948.31
1651,12-28-15,948.31
1652,12-28-16,948.31
1653,12-28-17,948.22
1654,12-28-18,948.22
1655,12-28-19,948.22
1656,12-28-20,948.19
1657,12-28-21,948.1555
1658,12-28-23,948.1555
1659,12-28-24,948.1555
1660,12-28-25,948.1555
1661,12-28-26,948.1555
1662,12-28-27,948.1555
1663,12-28-29,948.1555
1664,12-28-29,948.1555
1665,12-28-30,948.1555
1666,12-28-31,948.1555
1667,12-28-32,948.1555
1668,12-28-33,948.16
1669,12-28-34,948.16
1670,12-28-35,948.16
1671,12-28-36,948.15
1672,12-28-37,948.15
1673,12-28-38,948.15
1674,12-28-39,948.15
1675,12-28-40,948.150
1676,12-28-41,948.150
1677,12-28-43,948.150
1678,12-28-44,948.150
1679,12-28-46,948.150
1680,12-28-47,948.150
1681,12-28-48,948.150
1682,12-28-49,948.150
1683,12-28-51,948.150
1684,12-28-52,948.150
1685,12-28-52,948.150
1686,12-28-53,948.150
1687,12-28-54,948.150
1688,12-28-55,948.150
1689,12-28-56,948.150
1690,12-28-57,948.150
1691,12-28-58,948.150
1692,12-28-59,948.150
1693,12-28-59,948.10
1694,12-29-00,948.10
1695,12-29-01,948.10
1696,12-29-02,948.10
1697,12-29-03,948.10
1698,12-29-05,948.10
1699,12-29-06,948.10
1700,12-29-08,948.10
1701,12-29-09,948.38
1702,12-29-10,948.38
1703,12-29-11,948.38
1704,12-29-12,948.38
1705,12-29-13,948.38
1706,12-29-14,948.38
1707,12-29-15,948.38
1708,12-29-16,948.38
1709,12-29-17,948.00
1710,12-29-18,948.00
1711,12-29-19,948.00
1712,12-29-20,948.00
1713,12-29-21,948.00
1714,12-29-22,948.00
1715,12-29-23,948.00
1716,12-29-24,948.00
1717,12-29-25,948.00
1718,12-29-26,948.00
1719,12-29-27,948.00
1720,12-29-27,948.00
1721,12-29-29,948.00
1722,12-29-30,948.00
1723,12-29-32,948.00
1724,12-29-33,948.00
1725,12-29-34,948.00
1726,12-29-34,948.00
1727,12-29-36,948.00
1728,12-29-37,948.00
1729,12-29-37,948.00
1730,12-29-38,948.00
1731,12-29-39,948.00
1732,12-29-40,948.00
1733,12-29-41,948.00
1734,12-29-42,948.00
1735,12-29-43,948.00
1736,12-29-44,948.00
1737,12-29-45,948.00
1738,12-29-45,948.00
1739,12-29-46,948.00
1740,12-29-47,948.00
1741,12-29-48,948.00
1742,12-29-49,948.00
1743,12-29-50,948.00
1744,12-29-51,948.00
1745,12-29-52,948.00
1746,12-29-54,948.00
1747,12-29-55,948.00
1748,12-29-57,948.00
1749,12-29-58,948.00
1750,12-29-59,948.00
1751,12-30-00,948.00
