AAPL,Time,Price
0,10-30-21,150.53
1,10-30-22,150.47
2,10-30-23,150.47
3,10-30-24,150.47
4,10-30-25,150.4999
5,10-30-27,150.50
6,10-30-28,150.48
7,10-30-29,150.499
8,10-30-31,150.49
9,10-30-32,150.5100
10,10-30-33,150.5100
11,10-30-34,150.50
12,10-30-35,150.46
13,10-30-36,150.450
14,10-30-37,150.450
15,10-30-39,150.44
16,10-30-40,150.44
17,10-30-42,150.4423
18,10-30-43,150.4423
19,10-30-44,150.51
20,10-30-45,150.51
21,10-30-46,150.461
22,10-30-47,150.4610
23,10-30-49,150.46
24,10-30-50,150.43
25,10-30-51,150.41
26,10-30-52,150.42
27,10-30-53,150.42
28,10-30-55,150.39
29,10-30-56,150.39
30,10-30-57,150.3980
31,10-30-58,150.3980
32,10-30-59,150.401
33,10-31-00,150.37
34,10-31-02,150.40
35,10-31-03,150.39
36,10-31-04,150.3900
37,10-31-05,150.39
38,10-31-06,150.39
39,10-31-07,150.48
40,10-31-09,150.480
41,10-31-10,150.4650
42,10-31-11,150.46
43,10-31-12,150.46
44,10-31-13,150.43
45,10-31-14,150.43
46,10-31-16,150.43
47,10-31-17,150.43
48,10-31-18,150.48
49,10-31-19,150.48
50,10-31-20,150.4997
51,10-31-21,150.50
52,10-31-22,150.38
53,10-31-24,150.37
54,10-31-25,150.370
55,10-31-26,150.39
56,10-31-27,150.38
57,10-31-29,150.40
58,10-31-29,150.38
59,10-31-31,150.4000
60,10-31-32,150.4539
61,10-31-33,150.4539
62,10-31-34,150.4599
63,10-31-35,150.438
64,10-31-36,150.445
65,10-31-37,150.445
66,10-31-38,150.4186
67,10-31-40,150.41
68,10-31-41,150.42
69,10-31-43,150.4200
70,10-31-44,150.44
71,10-31-45,150.39
72,10-31-46,150.3900
73,10-31-47,150.3900
74,10-31-48,150.40
75,10-31-49,150.57
76,10-31-51,150.42
77,10-31-52,150.45
78,10-31-53,150.45
79,10-31-54,150.45
80,10-31-56,150.45
81,10-31-57,150.44
82,10-31-57,150.44
83,10-31-59,150.44
84,10-32-00,150.4400
85,10-32-01,150.4400
86,10-32-02,150.458
87,10-32-03,150.44
88,10-32-05,150.445
89,10-32-06,150.45
90,10-32-07,150.45
91,10-32-08,150.46
92,10-32-09,150.46
93,10-32-10,150.455
94,10-32-11,150.45
95,10-32-13,150.45
96,10-32-14,150.45
97,10-32-15,150.45
98,10-32-16,150.4450
99,10-32-17,150.4401
100,10-32-19,150.45
101,10-32-20,150.44
102,10-32-21,150.44
103,10-32-22,150.4400
104,10-32-23,150.48
105,10-32-25,150.4893
106,10-32-26,150.49
107,10-32-27,150.50
108,10-32-28,150.5000
109,10-32-29,150.47
110,10-32-30,150.4707
111,10-32-31,150.4707
112,10-32-33,150.463
113,10-32-34,150.463
114,10-32-35,150.48
115,10-32-36,150.48
116,10-32-37,150.4927
117,10-32-39,150.4927
118,10-32-40,150.51
119,10-32-42,150.50
120,10-32-43,150.5000
121,10-32-44,150.5007
122,10-32-45,150.50
123,10-32-47,150.52
124,10-32-48,150.51
125,10-32-49,150.51
126,10-32-50,150.51
127,10-32-51,150.51
128,10-32-53,150.59
129,10-32-54,150.59
130,10-32-55,150.59
131,10-32-56,150.5785
132,10-32-57,150.5761
133,10-32-58,150.58
134,10-33-00,150.56
135,10-33-01,150.56
136,10-33-03,150.53
137,10-33-05,150.5398
138,10-33-06,150.53
139,10-33-08,150.53
140,10-33-10,150.510
141,10-33-11,150.51
142,10-33-13,150.5399
143,10-33-14,150.52
144,10-33-16,150.490
145,10-33-17,150.49
146,10-33-18,150.490
147,10-33-20,150.49
148,10-33-22,
149,10-33-24,150.50
150,10-33-25,150.489
151,10-33-26,150.50
152,10-33-28,150.50
153,10-33-29,150.4850
154,10-33-31,150.46
155,10-33-32,150.45
156,10-33-34,150.45
157,10-33-35,150.46
158,10-33-37,150.47
159,10-33-39,150.510
160,10-33-40,150.51
161,10-33-41,150.5167
162,10-33-43,150.52
163,10-33-45,150.5300
164,10-33-46,150.53
165,10-33-47,150.5288
166,10-33-48,150.56
167,10-33-50,150.54
168,10-33-51,150.54
169,10-33-53,150.55
170,10-33-54,150.55
171,10-33-55,150.51
172,10-33-56,150.49
173,10-33-57,150.46
174,10-33-58,150.48
175,10-34-00,150.47
176,10-34-01,150.4700
177,10-34-02,150.4899
178,10-34-03,150.49
179,10-34-04,150.49
180,10-34-06,150.46
181,10-34-07,150.46
182,10-34-08,150.450
183,10-34-09,150.43
184,10-34-10,150.45
185,10-34-11,150.45
186,10-34-13,150.45
187,10-34-14,150.45
188,10-34-15,150.44
189,10-34-16,150.4400
190,10-34-17,150.44
191,10-34-18,150.44
192,10-34-20,150.45
193,10-34-21,150.4399
194,10-34-22,150.44
195,10-34-23,150.4100
196,10-34-25,150.41
197,10-34-26,150.43
198,10-34-27,150.4318
199,10-34-28,150.4318
200,10-34-29,150.46
201,10-34-30,150.45
202,10-34-31,150.44
203,10-34-32,150.44
204,10-34-34,150.44
205,10-34-35,150.455
206,10-34-36,150.4500
207,10-34-37,150.4461
208,10-34-38,150.4321
209,10-34-40,150.43
210,10-34-41,150.45
211,10-34-42,150.4412
212,10-34-43,150.45
213,10-34-44,150.4500
214,10-34-45,150.4498
215,10-34-46,150.45
216,10-34-47,150.45
217,10-34-48,150.44
218,10-34-49,150.42
219,10-34-50,150.420
220,10-34-51,150.4200
221,10-34-53,150.42
222,10-34-54,150.4200
223,10-34-55,150.42
224,10-34-56,150.41
225,10-34-57,150.40
226,10-34-59,150.40
227,10-35-00,150.40
228,10-35-01,150.4001
229,10-35-02,150.40
230,10-35-03,150.400
231,10-35-04,150.446
232,10-35-05,150.45
233,10-35-06,150.45
234,10-35-07,150.41
235,10-35-08,150.43
236,10-35-09,150.4201
237,10-35-11,150.4201
238,10-35-12,150.4600
239,10-35-13,150.430
240,10-35-14,150.4301
241,10-35-16,150.43
242,10-35-17,150.43
243,10-35-18,150.43
244,10-35-19,150.44
245,10-35-20,150.4279
246,10-35-21,150.4279
247,10-35-22,150.43
248,10-35-24,150.43
249,10-35-25,150.4201
250,10-35-26,150.42
251,10-35-27,150.4046
252,10-35-28,150.4198
253,10-35-29,150.40
254,10-35-30,150.39
255,10-35-31,150.40
256,10-35-33,150.42
257,10-35-34,150.39
258,10-35-35,150.3900
259,10-35-35,150.3900
260,10-35-36,150.4019
261,10-35-37,150.40
262,10-35-39,150.40
263,10-35-39,150.3812
264,10-35-40,150.3812
265,10-35-41,150.37
266,10-35-42,150.36
267,10-35-44,150.3600
268,10-35-45,150.3525
269,10-35-46,150.35
270,10-35-47,150.3525
271,10-35-48,150.3700
272,10-35-49,150.3700
273,10-35-50,150.37
274,10-35-51,150.370
275,10-35-53,150.370
276,10-35-54,150.3500
277,10-35-55,150.3592
278,10-35-56,150.36
279,10-35-57,150.359
280,10-35-58,150.36
281,10-35-58,150.355
282,10-36-00,150.3550
283,10-36-01,150.34
284,10-36-02,150.340
285,10-36-03,150.3400
286,10-36-05,150.3400
287,10-36-06,150.30
288,10-36-07,150.27
289,10-36-08,150.27
290,10-36-09,150.30
291,10-36-10,150.30
292,10-36-11,150.28
293,10-36-12,150.28
294,10-36-13,150.26
295,10-36-15,150.2601
296,10-36-16,150.26
297,10-36-17,150.26
298,10-36-18,150.28
299,10-36-20,150.28
300,10-36-21,150.28
301,10-36-22,150.25
302,10-36-23,150.25
303,10-36-24,150.26
304,10-36-25,150.23
305,10-36-26,150.23
306,10-36-27,150.2267
307,10-36-29,150.23
308,10-36-29,150.2267
309,10-36-31,150.2267
310,10-36-32,150.230
311,10-36-33,150.23
312,10-36-35,150.225
313,10-36-36,150.2100
314,10-36-37,150.2100
315,10-36-38,150.2100
316,10-36-39,150.20
317,10-36-40,150.20
318,10-36-41,150.20
319,10-36-43,150.210
320,10-36-44,150.21
321,10-36-45,150.1800
322,10-36-46,150.19
323,10-36-48,150.16
324,10-36-49,150.176
325,10-36-50,150.16
326,10-36-51,150.16
327,10-36-52,150.18
328,10-36-54,150.1897
329,10-36-55,150.20
330,10-36-56,150.20
331,10-36-57,150.25
332,10-36-58,150.23
333,10-36-59,150.23
334,10-37-00,150.22
335,10-37-01,150.2078
336,10-37-02,150.19
337,10-37-09,150.18
338,10-37-10,150.12
339,10-37-12,150.12
340,10-37-13,150.1600
341,10-37-14,150.1600
342,10-37-15,150.1299
343,10-37-16,150.03
344,10-37-17,150.04
345,10-37-18,150.06
346,10-37-19,150.06
347,10-37-20,150.05
348,10-37-22,150.0300
349,10-37-23,150.06
350,10-37-24,150.03
351,10-37-25,150.04
352,10-37-26,150.04
353,10-37-27,150.08
354,10-37-28,150.11
355,10-37-29,150.1279
356,10-37-30,150.11
357,10-37-31,150.1100
358,10-37-33,150.13
359,10-37-34,150.11
360,10-37-35,150.11
361,10-37-36,150.11
362,10-37-37,150.1500
363,10-37-38,150.119
364,10-37-40,150.1320
365,10-37-41,150.19
366,10-37-42,150.239
367,10-37-43,150.23
368,10-37-44,150.2335
369,10-37-45,150.2335
370,10-37-46,150.20
371,10-37-47,150.15
372,10-37-48,150.1500
373,10-37-49,150.15
374,10-37-50,150.16
375,10-37-51,150.16
376,10-37-52,150.16
377,10-37-53,150.1500
378,10-37-54,150.1454
379,10-37-55,150.1454
380,10-37-56,150.15
381,10-38-00,150.160
382,10-38-01,150.160
383,10-38-02,150.16
384,10-38-03,150.16
385,10-38-04,150.1900
386,10-38-05,150.18
387,10-38-06,150.20
388,10-38-07,150.20
389,10-38-08,150.20
390,10-38-09,150.14
391,10-38-10,150.1101
392,10-38-11,150.11
393,10-38-12,150.15
394,10-38-13,150.13
395,10-38-14,150.1320
396,10-38-15,150.11
397,10-38-16,150.1100
398,10-38-17,150.10
399,10-38-18,150.10
400,10-38-19,150.12
401,10-38-21,150.12
402,10-38-22,150.1200
403,10-38-23,150.1100
404,10-38-26,150.1100
405,10-38-27,150.05
406,10-38-28,150.05
407,10-38-29,150.05
408,10-38-30,150.05
409,10-38-31,150.05
410,10-38-32,149.86
411,10-38-33,149.68
412,10-38-37,149.76
413,10-38-38,149.74
414,10-38-39,149.722
415,10-38-40,149.60
416,10-38-41,149.52
417,10-38-42,149.52
418,10-38-43,149.57
419,10-38-44,149.5500
420,10-38-50,150.1201
421,10-38-51,149.4950
422,10-38-55,149.49
423,10-38-56,
424,10-38-57,149.46
425,10-38-59,149.44
426,10-39-01,149.4450
427,10-39-01,149.43
428,10-39-04,149.435
429,10-39-05,149.44
430,10-39-06,149.52
431,10-39-08,149.54
432,10-39-09,149.62
433,10-39-10,149.59
434,10-39-11,149.61
435,10-39-12,149.62
436,10-39-13,149.62
437,10-39-15,149.58
438,10-39-16,149.60
439,10-39-16,149.55
440,10-39-17,149.6047
441,10-39-19,149.6047
442,10-39-20,149.5132
443,10-39-21,149.5132
444,10-39-22,149.45
445,10-39-23,149.51
446,10-39-23,149.4950
447,10-39-28,149.52
448,10-39-29,149.51
449,10-39-31,149.49
450,10-39-32,149.45
451,10-39-33,149.4578
452,10-39-34,149.30
453,10-39-36,149.26
454,10-39-37,149.28
455,10-39-38,149.29
456,10-39-39,149.2792
457,10-39-41,149.2600
458,10-39-42,149.24
459,10-39-43,149.22
460,10-39-45,149.18
461,10-39-46,149.19
462,10-39-47,149.1900
463,10-39-48,149.20
464,10-39-49,149.17
465,10-39-51,149.1595
466,10-39-52,149.1595
467,10-39-54,149.18
468,10-39-55,149.18
469,10-39-57,149.2000
470,10-39-58,149.19
471,10-39-59,149.21
472,10-40-01,149.21
473,10-40-02,149.2200
474,10-40-03,149.17
475,10-40-05,149.22
476,10-40-06,148.530
477,10-40-07,148.46
478,10-40-08,148.6400
479,10-40-09,148.64
480,10-40-10,148.57
481,10-40-11,148.67
482,10-40-12,148.6765
483,10-40-13,148.6765
484,10-40-14,148.74
485,10-40-15,148.75
486,10-40-17,148.7239
487,10-40-18,148.72
488,10-40-19,148.77
489,10-40-20,148.82
490,10-40-21,148.82
491,10-40-25,148.89
492,10-40-26,148.89
493,10-40-27,148.895
494,10-40-28,149.03
495,10-40-30,149.01
496,10-40-31,149.0146
497,10-40-32,149.01
498,10-40-33,149.05
499,10-40-34,149.06
500,10-40-35,149.10
501,10-40-36,149.15
502,10-40-37,149.15
503,10-40-38,149.11
504,10-40-39,149.11
505,10-40-40,149.1198
506,10-40-41,149.12
507,10-40-42,149.13
508,10-40-43,149.11
509,10-40-44,149.12
510,10-40-45,149.120
511,10-40-46,149.1500
512,10-40-47,149.135
513,10-40-49,149.1350
514,10-40-49,149.20
515,10-40-50,149.2077
516,10-40-51,149.18
517,10-40-52,149.125
518,10-40-53,149.12
519,10-40-55,149.12
520,10-40-56,149.130
521,10-40-57,149.1300
522,10-40-58,149.1300
523,10-40-59,149.11
524,10-41-00,149.1001
525,10-41-01,149.1001
526,10-41-02,149.1001
527,10-41-07,149.075
528,10-41-08,149.075
529,10-41-09,149.0750
530,10-41-10,149.18
531,10-41-12,149.18
532,10-41-13,149.1712
533,10-41-14,149.1712
534,10-41-15,149.17
535,10-41-16,149.17
536,10-41-17,149.18
537,10-41-18,149.180
538,10-41-22,149.16
539,10-41-23,149.15
540,10-41-24,149.15
541,10-41-25,149.18
542,10-41-27,149.1800
543,10-41-28,149.17
544,10-41-29,149.1700
545,10-41-31,149.145
546,10-41-32,149.15
547,10-41-33,149.17
548,10-41-34,149.15
549,10-41-35,149.13
550,10-41-35,149.14
551,10-41-37,149.12
552,10-41-38,149.12
553,10-41-39,149.13
554,10-41-40,149.13
555,10-41-41,149.140
556,10-41-42,149.14
557,10-41-42,149.145
558,10-41-43,149.15
559,10-41-44,149.17
560,10-41-45,149.17
561,10-41-46,149.166
562,10-41-47,149.12
563,10-41-49,149.14
564,10-41-50,149.06
565,10-41-51,149.070
566,10-41-52,149.070
567,10-41-53,149.12
568,10-41-54,149.16
569,10-41-55,149.16
570,10-41-57,149.16
571,10-41-58,149.16
572,10-41-59,149.13
573,10-42-00,149.08
574,10-42-01,149.045
575,10-42-02,149.04
576,10-42-03,149.0461
577,10-42-04,149.02
578,10-42-05,149.04
579,10-42-08,149.031
580,10-42-09,149.0700
581,10-42-10,149.07
582,10-42-11,149.07
583,10-42-12,149.07
584,10-42-13,149.075
585,10-42-14,149.07
586,10-42-15,149.07
587,10-42-16,149.07
588,10-42-17,149.08
589,10-42-18,149.08
590,10-42-19,149.12
591,10-42-20,149.12
592,10-42-21,149.1702
593,10-42-22,149.17
594,10-42-24,149.145
595,10-42-25,149.16
596,10-42-26,149.16
597,10-42-32,149.16
598,10-42-33,149.2099
599,10-42-34,149.2099
600,10-42-37,149.2101
601,10-42-38,149.21
602,10-42-39,149.2050
603,10-42-41,149.21
604,10-42-43,149.173
605,10-42-44,149.17
606,10-42-45,149.175
607,10-42-46,149.1748
608,10-42-47,149.1748
609,10-42-48,149.22
610,10-42-49,149.35
611,10-42-51,149.330
612,10-42-52,149.305
613,10-42-53,149.26
614,10-42-55,149.26
615,10-42-56,149.240
616,10-42-57,149.24
617,10-42-58,149.2399
618,10-42-59,149.24
619,10-43-00,149.255
620,10-43-01,149.255
621,10-43-02,149.25
622,10-43-03,149.24
623,10-43-04,149.22
624,10-43-05,149.220
625,10-43-07,149.21
626,10-43-08,149.21
627,10-43-09,149.24
628,10-43-11,149.257
629,10-43-12,149.235
630,10-43-13,149.26
631,10-43-14,149.27
632,10-43-15,149.27
633,10-43-16,149.30
634,10-43-17,149.30
635,10-43-18,149.26
636,10-43-19,149.26
637,10-43-20,149.26
638,10-43-21,149.26
639,10-43-23,149.28
640,10-43-23,149.28
641,10-43-24,149.2800
642,10-43-26,149.28
643,10-43-27,149.280
644,10-43-28,149.31
645,10-43-29,149.300
646,10-43-30,149.32
647,10-43-31,149.32
648,10-43-32,149.33
649,10-43-34,149.3318
650,10-43-35,149.3111
651,10-43-36,149.3366
652,10-43-37,149.3366
653,10-43-38,149.34
654,10-43-39,149.33
655,10-43-41,149.31
656,10-43-43,149.3400
657,10-43-44,149.37
658,10-43-46,149.40
659,10-43-47,149.40
660,10-43-48,149.40
661,10-43-49,149.40
662,10-43-51,149.38
663,10-43-52,149.4017
664,10-43-53,149.40
665,10-43-54,149.40
666,10-43-55,149.3954
667,10-43-56,149.40
668,10-44-00,149.4000
669,10-44-02,149.37
670,10-44-03,149.3684
671,10-44-04,149.37
672,10-44-05,149.39
673,10-44-06,149.39
674,10-44-08,149.390
675,10-44-09,149.40
676,10-44-10,149.435
677,10-44-11,149.44
678,10-44-12,149.43
679,10-44-13,149.43
680,10-44-15,149.43
681,10-44-16,149.4300
682,10-44-17,149.46
683,10-44-18,149.48
684,10-44-20,149.48
685,10-44-21,149.50
686,10-44-22,149.50
687,10-44-23,149.475
688,10-44-24,149.4625
689,10-44-25,149.46
690,10-44-26,149.4800
691,10-44-28,149.48
692,10-44-29,149.49
693,10-44-30,149.46
694,10-44-31,149.460
695,10-44-32,149.465
696,10-44-33,149.46
697,10-44-34,149.49
698,10-44-35,149.5139
699,10-44-37,149.54
700,10-44-38,149.54
701,10-44-39,149.540
702,10-44-41,149.535
703,10-44-42,149.54
704,10-44-43,149.51
705,10-44-44,149.52
706,10-44-45,149.52
707,10-44-46,149.56
708,10-44-47,149.560
709,10-44-48,149.54
710,10-44-49,149.52
711,10-44-51,149.5210
712,10-44-52,149.52
713,10-44-53,149.565
714,10-44-54,149.62
715,10-44-55,149.62
716,10-44-56,149.6053
717,10-44-57,149.615
718,10-44-58,149.61
719,10-45-00,149.61
720,10-45-01,149.5908
721,10-45-02,149.57
722,10-45-03,149.5700
723,10-45-04,149.590
724,10-45-05,149.57
725,10-45-06,149.5798
726,10-45-08,149.550
727,10-45-09,149.555
728,10-45-10,149.5800
729,10-45-11,149.58
730,10-45-13,149.5812
731,10-45-13,149.6000
732,10-45-14,149.60
733,10-45-16,149.60
734,10-45-17,149.61
735,10-45-18,149.62
736,10-45-20,149.63
737,10-45-21,149.62
738,10-45-22,149.61
739,10-45-24,149.63
740,10-45-24,149.60
741,10-45-26,149.59
742,10-45-27,149.59
743,10-45-28,149.57
744,10-45-29,149.57
745,10-45-30,149.62
746,10-45-31,149.6184
747,10-45-32,149.6062
748,10-45-34,149.605
749,10-45-34,149.597
750,10-45-36,149.58
751,10-45-37,149.56
752,10-45-37,149.50
753,10-45-39,149.5000
754,10-45-40,149.504
755,10-45-41,149.5100
756,10-45-42,149.5100
757,10-45-43,149.48
758,10-45-44,149.48
759,10-45-46,149.48
760,10-45-47,149.47
761,10-45-48,149.47
762,10-45-49,149.4616
763,10-45-50,149.57
764,10-45-51,149.57
765,10-45-52,149.56
766,10-45-53,149.5600
767,10-45-55,149.57
768,10-45-56,149.585
769,10-45-57,149.56
770,10-45-59,149.5630
771,10-46-00,149.57
772,10-46-01,149.5500
773,10-46-02,149.55
774,10-46-03,149.55
775,10-46-05,149.55
776,10-46-06,149.5500
777,10-46-07,149.56
778,10-46-08,149.57
779,10-46-09,149.570
780,10-46-10,149.56
781,10-46-11,149.58
782,10-46-13,149.58
783,10-46-14,149.6068
784,10-46-16,149.62
785,10-46-16,149.61
786,10-46-17,149.61
787,10-46-18,149.6100
788,10-46-19,149.6108
789,10-46-21,149.61
790,10-46-22,149.61
791,10-46-24,149.63
792,10-46-25,149.620
793,10-46-26,149.62
794,10-46-27,149.610
795,10-46-28,149.610
796,10-46-29,149.615
797,10-46-30,149.62
798,10-46-31,149.6150
799,10-46-32,149.62
800,10-46-33,149.62
801,10-46-34,149.70
802,10-46-35,149.69
803,10-46-36,149.69
804,10-46-37,149.6900
805,10-46-38,149.7000
806,10-46-40,149.706
807,10-46-41,149.68
808,10-46-42,149.6703
809,10-46-43,149.69
810,10-46-45,149.69
811,10-46-46,149.66
812,10-46-47,149.63
813,10-46-47,149.63
814,10-46-48,149.66
815,10-46-50,149.65
816,10-46-50,149.64
817,10-46-52,149.67
818,10-46-53,149.6400
819,10-46-54,149.65
820,10-46-55,149.6500
821,10-46-56,149.650
822,10-46-57,149.68
823,10-46-59,149.68
824,10-47-00,149.68
825,10-47-01,149.70
826,10-47-02,149.70
827,10-47-03,149.71
828,10-47-04,149.71
829,10-47-06,149.695
830,10-47-07,149.69
831,10-47-08,149.71
832,10-47-10,149.71
833,10-47-11,149.70
834,10-47-12,149.695
835,10-47-14,149.71
836,10-47-15,149.7100
837,10-47-16,149.71
838,10-47-17,149.65
839,10-47-19,149.68
840,10-47-20,149.68
841,10-47-21,149.68
842,10-47-22,149.66
843,10-47-23,149.666
844,10-47-24,149.67
845,10-47-25,149.68
846,10-47-27,149.660
847,10-47-28,149.68
848,10-47-29,149.69
849,10-47-31,149.69
850,10-47-31,149.7200
851,10-47-33,149.72
852,10-47-34,149.72
853,10-47-35,149.70
854,10-47-36,149.7200
855,10-47-37,149.72
856,10-47-38,149.71
857,10-47-39,149.7000
858,10-47-40,149.69
859,10-47-41,149.68
860,10-47-42,149.675
861,10-47-44,149.675
862,10-47-45,149.69
863,10-47-46,149.71
864,10-47-47,149.71
865,10-47-48,149.71
866,10-47-49,149.705
867,10-47-50,149.7050
868,10-47-51,149.70
869,10-47-52,149.70
870,10-47-53,149.70
871,10-47-54,149.70
872,10-47-55,149.70
873,10-47-56,149.7100
874,10-47-57,149.71
875,10-47-58,149.72
876,10-47-59,149.72
877,10-48-00,149.71
878,10-48-01,149.71
879,10-48-02,149.75
880,10-48-03,149.74
881,10-48-04,149.74
882,10-48-05,149.71
883,10-48-06,149.71
884,10-48-07,149.71
885,10-48-08,149.71
886,10-48-09,149.70
887,10-48-10,149.71
888,10-48-11,149.78
889,10-48-12,149.75
890,10-48-13,149.75
891,10-48-15,149.76
892,10-48-15,149.76
893,10-48-17,149.72
894,10-48-17,149.700
895,10-48-18,149.70
896,10-48-19,149.722
897,10-48-22,149.73
898,10-48-23,149.71
899,10-48-25,149.74
900,10-48-28,149.73
901,10-48-29,149.73
902,10-48-31,149.68
903,10-48-32,149.675
904,10-48-33,149.65
905,10-48-34,149.62
906,10-48-35,149.6191
907,10-48-37,149.619
908,10-48-38,149.50
909,10-48-39,149.53
910,10-48-41,149.55
911,10-48-42,149.55
912,10-48-43,149.5552
913,10-48-44,149.5552
914,10-48-45,149.60
915,10-48-46,149.60
916,10-48-47,149.60
917,10-48-48,149.60
918,10-48-49,149.55
919,10-48-50,149.55
920,10-48-51,149.55
921,10-48-52,149.560
922,10-48-53,149.5246
923,10-48-54,149.5111
924,10-48-55,149.50
925,10-48-57,149.47
926,10-48-58,149.38
927,10-49-00,149.39
928,10-49-01,149.40
929,10-49-02,149.34
930,10-49-03,149.3736
931,10-49-04,149.37
932,10-49-05,149.35
933,10-49-08,149.38
934,10-49-09,149.40
935,10-49-10,149.41
936,10-49-11,149.41
937,10-49-12,149.45
938,10-49-13,149.45
939,10-49-14,149.47
940,10-49-15,149.4900
941,10-49-16,149.49
942,10-49-17,149.49
943,10-49-18,149.52
944,10-49-19,149.53
945,10-49-20,149.53
946,10-49-21,149.53
947,10-49-24,149.53
948,10-49-25,149.53
949,10-49-26,149.51
950,10-49-27,149.51
951,10-49-28,149.51
952,10-49-30,149.51
953,10-49-31,149.53
954,10-49-36,149.51
955,10-49-37,149.46
956,10-49-39,149.42
957,10-49-40,149.46
958,10-49-41,149.46
959,10-49-42,149.45
960,10-49-43,149.42
961,10-49-44,149.4200
962,10-49-45,149.40
963,10-49-47,149.28
964,10-49-48,149.28
965,10-49-49,149.28
966,10-49-51,149.3286
967,10-49-52,149.33
968,10-49-53,149.39
969,10-49-54,149.40
970,10-49-55,149.4342
971,10-49-56,149.43
972,10-49-57,149.37
973,10-49-58,149.41
974,10-50-00,149.41
975,10-50-02,149.4579
976,10-50-03,149.46
977,10-50-04,149.47
978,10-50-05,149.47
979,10-50-06,149.47
980,10-50-07,149.45
981,10-50-08,149.4536
982,10-50-10,149.4639
983,10-50-11,149.45
984,10-50-12,149.42
985,10-50-13,149.4200
986,10-50-14,149.4156
987,10-50-15,149.42
988,10-50-16,149.42
989,10-50-18,149.40
990,10-50-19,149.40
991,10-50-20,149.4600
992,10-50-22,149.46
993,10-50-25,149.4650
994,10-50-26,149.4600
995,10-50-27,149.45
996,10-50-29,149.4632
997,10-50-30,149.46
998,10-50-31,149.48
999,10-50-33,149.46
1000,10-50-34,149.4600
1001,10-50-37,149.45
1002,10-50-38,149.45
1003,10-50-39,149.46
1004,10-50-40,149.45
1005,10-50-42,149.46
1006,10-50-42,149.4500
1007,10-50-43,149.45
1008,10-50-44,149.47
1009,10-50-45,149.51
1010,10-50-47,149.500
1011,10-50-47,149.52
1012,10-50-48,149.5250
1013,10-50-49,149.55
1014,10-50-50,149.5500
1015,10-50-51,149.55
1016,10-50-53,149.5501
1017,10-50-54,149.63
1018,10-50-55,149.67
1019,10-50-56,149.610
1020,10-50-57,149.61
1021,10-50-58,149.66
1022,10-50-59,149.6786
1023,10-51-00,149.70
1024,10-51-01,149.69
1025,10-51-02,149.705
1026,10-51-03,149.66
1027,10-51-05,149.67
1028,10-51-06,149.64
1029,10-51-07,149.60
1030,10-51-08,149.62
1031,10-51-10,149.72
1032,10-51-11,149.72
1033,10-51-12,149.8000
1034,10-51-13,149.77
1035,10-51-14,149.78
1036,10-51-15,149.78
1037,10-51-17,149.82
1038,10-51-18,149.83
1039,10-51-19,149.82
1040,10-51-20,149.83
1041,10-51-21,149.81
1042,10-51-22,149.81
1043,10-51-24,149.818
1044,10-51-25,149.82
1045,10-51-26,149.825
1046,10-51-27,149.82
1047,10-51-28,149.80
1048,10-51-29,149.80
1049,10-51-31,149.8477
1050,10-51-32,149.82
1051,10-51-33,149.82
1052,10-51-35,149.83
1053,10-51-37,149.7999
1054,10-51-38,149.8100
1055,10-51-40,149.80
1056,10-51-40,149.80
1057,10-51-42,149.82
1058,10-51-43,149.82
1059,10-51-44,149.81
1060,10-51-45,149.810
1061,10-51-46,149.81
1062,10-51-47,149.8700
1063,10-51-48,149.8700
1064,10-51-49,149.8700
1065,10-51-50,149.83
1066,10-51-52,149.8300
1067,10-51-53,149.844
1068,10-51-54,149.86
1069,10-51-56,149.90
1070,10-51-57,149.90
1071,10-51-58,149.9000
1072,10-51-59,149.90
1073,10-52-00,149.89
1074,10-52-01,149.89
1075,10-52-02,149.89
1076,10-52-03,149.86
1077,10-52-04,149.86
1078,10-52-05,149.86
1079,10-52-06,149.8725
1080,10-52-07,149.87
1081,10-52-08,149.86
1082,10-52-09,149.86
1083,10-52-10,149.86
1084,10-52-12,149.86
1085,10-52-13,149.8600
1086,10-52-14,149.84
1087,10-52-15,149.85
1088,10-52-16,149.84
1089,10-52-16,149.84
1090,10-52-18,149.86
1091,10-52-19,149.8636
1092,10-52-20,149.84
1093,10-52-21,149.87
1094,10-52-22,149.86
1095,10-52-23,149.86
1096,10-52-25,149.87
1097,10-52-26,149.87
1098,10-52-27,149.82
1099,10-52-28,149.8200
1100,10-52-30,149.86
1101,10-52-31,149.84
1102,10-52-32,149.84
1103,10-52-33,149.84
1104,10-52-34,149.84
1105,10-52-36,149.840
1106,10-52-37,149.84
1107,10-52-38,149.84
1108,10-52-39,149.86
1109,10-52-40,149.86
1110,10-52-41,149.86
1111,10-52-42,149.8999
1112,10-52-43,149.9130
1113,10-52-44,149.9130
1114,10-52-46,150.03
1115,10-52-47,150.03
1116,10-52-48,150.003
1117,10-52-49,150.00
1118,10-52-51,149.99
1119,10-52-52,150.00
1120,10-52-53,149.99
1121,10-52-54,149.99
1122,10-52-55,149.99
1123,10-52-56,149.99
1124,10-52-57,149.99
1125,10-52-59,149.9999
1126,10-53-00,149.97
1127,10-53-01,149.97
1128,10-53-02,149.97
1129,10-53-03,149.920
1130,10-53-04,149.93
1131,10-53-05,149.8808
1132,10-53-06,149.88
1133,10-53-07,149.88
1134,10-53-09,149.90
1135,10-53-10,149.8900
1136,10-53-11,149.90
1137,10-53-12,149.900
1138,10-53-13,149.90
1139,10-53-15,149.90
1140,10-53-16,149.90
1141,10-53-18,149.91
1142,10-53-19,149.91
1143,10-53-20,149.91
1144,10-53-21,149.9072
1145,10-53-22,149.9072
1146,10-53-23,149.900
1147,10-53-24,149.90
1148,10-53-25,149.9000
1149,10-53-26,149.9000
1150,10-53-27,149.90
1151,10-53-28,149.90
1152,10-53-29,149.90
1153,10-53-31,149.986
1154,10-53-32,149.9615
1155,10-53-33,149.9615
1156,10-53-34,149.962
1157,10-53-35,149.95
1158,10-53-36,149.95
1159,10-53-38,149.96
1160,10-53-38,149.96
1161,10-53-39,149.9600
1162,10-53-40,149.96
1163,10-53-41,149.9300
1164,10-53-42,149.93
1165,10-53-43,149.9492
1166,10-53-45,149.95
1167,10-53-46,149.91
1168,10-53-47,149.90
1169,10-53-48,149.90
1170,10-53-49,149.90
1171,10-53-50,149.90
1172,10-53-52,149.9012
1173,10-53-53,149.86
1174,10-53-54,149.95
1175,10-53-55,149.95
1176,10-53-56,149.93
1177,10-53-57,149.93
1178,10-53-58,149.91
1179,10-54-00,149.92
1180,10-54-01,149.92
1181,10-54-02,149.91
1182,10-54-03,149.900
1183,10-54-04,149.83
1184,10-54-05,149.8590
1185,10-54-07,149.8590
1186,10-54-08,149.85
1187,10-54-09,149.86
1188,10-54-10,149.86
1189,10-54-11,149.8603
1190,10-54-12,149.75
1191,10-54-13,149.76
1192,10-54-15,149.76
1193,10-54-16,149.76
1194,10-54-17,149.74
1195,10-54-18,149.74
1196,10-54-19,149.78
1197,10-54-20,149.78
1198,10-54-21,149.74
1199,10-54-22,149.82
1200,10-54-23,149.82
1201,10-54-24,149.80
1202,10-54-25,149.8000
1203,10-54-26,149.8000
1204,10-54-28,149.84
1205,10-54-29,149.8400
1206,10-54-31,149.79
1207,10-54-32,149.790
1208,10-54-33,149.83
1209,10-54-34,149.83
1210,10-54-35,149.83
1211,10-54-36,149.7800
1212,10-54-38,149.7800
1213,10-54-39,149.79
1214,10-54-40,149.8000
1215,10-54-42,149.7700
1216,10-54-42,149.7999
1217,10-54-44,149.80
1218,10-54-45,149.80
1219,10-54-46,149.8000
1220,10-54-48,149.81
1221,10-54-49,149.80
1222,10-54-50,149.80
1223,10-54-51,149.7602
1224,10-54-52,149.76
1225,10-54-53,149.7798
1226,10-54-54,149.761
1227,10-54-56,149.765
1228,10-54-57,149.75
1229,10-54-58,149.76
1230,10-54-59,149.76
1231,10-55-00,149.76
1232,10-55-02,149.81
1233,10-55-03,149.80
1234,10-55-04,149.80
1235,10-55-05,149.755
1236,10-55-07,149.70
1237,10-55-08,149.686
1238,10-55-09,149.63
1239,10-55-10,149.70
1240,10-55-11,149.7000
1241,10-55-12,149.71
1242,10-55-14,149.71
1243,10-55-15,149.685
1244,10-55-16,149.68
1245,10-55-17,149.67
1246,10-55-18,149.67
1247,10-55-19,149.68
1248,10-55-20,149.74
1249,10-55-22,149.74
1250,10-55-23,149.805
1251,10-55-24,149.82
1252,10-55-25,149.84
1253,10-55-26,149.82
1254,10-55-27,149.78
1255,10-55-28,149.78
1256,10-55-29,149.78
1257,10-55-31,149.78
1258,10-55-32,149.7599
1259,10-55-34,149.73
1260,10-55-35,149.71
1261,10-55-36,149.715
1262,10-55-38,149.73
1263,10-55-39,149.76
1264,10-55-40,149.75
1265,10-55-42,149.78
1266,10-55-43,149.81
1267,10-55-44,149.82
1268,10-55-46,149.81
1269,10-55-46,149.81
1270,10-55-47,149.85
1271,10-55-48,149.85
1272,10-55-50,149.85
1273,10-55-51,149.89
1274,10-55-53,149.89
1275,10-55-54,149.90
1276,10-55-55,149.8873
1277,10-55-57,149.8873
1278,10-55-59,149.9282
1279,10-55-59,149.90
1280,10-56-01,149.9000
1281,10-56-02,149.91
1282,10-56-03,149.91
1283,10-56-05,149.9100
1284,10-56-06,149.9050
1285,10-56-07,149.905
1286,10-56-08,149.9000
1287,10-56-09,149.90
1288,10-56-10,149.90
1289,10-56-11,149.90
1290,10-56-12,149.88
1291,10-56-13,149.876
1292,10-56-15,149.91
1293,10-56-15,149.92
1294,10-56-17,149.93
1295,10-56-18,149.94
1296,10-56-19,149.960
1297,10-56-20,149.96
1298,10-56-21,149.93
1299,10-56-22,149.9390
1300,10-56-23,149.92
1301,10-56-24,149.83
1302,10-56-25,149.83
1303,10-56-27,149.83
1304,10-56-28,149.8399
1305,10-56-29,
1306,10-56-31,149.8499
1307,10-56-32,149.861
1308,10-56-33,149.861
1309,10-56-34,149.84
1310,10-56-35,149.84
1311,10-56-36,149.77
1312,10-56-37,149.77
1313,10-56-38,149.83
1314,10-56-39,149.84
1315,10-56-40,149.86
1316,10-56-42,149.885
1317,10-56-43,149.93
1318,10-56-43,149.94
1319,10-56-44,149.90
1320,10-56-46,149.90
1321,10-56-47,149.90
1322,10-56-48,149.90
1323,10-56-49,149.89
1324,10-56-50,149.88
1325,10-56-50,149.88
1326,10-56-52,149.88
1327,10-56-52,149.88
1328,10-56-53,149.8612
1329,10-56-54,149.83
1330,10-56-56,149.82
1331,10-56-56,149.76
1332,10-56-57,149.76
1333,10-56-58,149.783
1334,10-56-59,149.783
1335,10-57-00,149.8400
1336,10-57-02,149.85
1337,10-57-04,149.84
1338,10-57-05,149.84
1339,10-57-06,149.84
1340,10-57-07,149.850
1341,10-57-08,149.85
1342,10-57-09,149.8698
1343,10-57-10,149.870
1344,10-57-11,149.88
1345,10-57-12,149.8800
1346,10-57-14,149.88
1347,10-57-15,149.80
1348,10-57-16,149.80
1349,10-57-17,149.80
1350,10-57-18,149.80
1351,10-57-19,149.80
1352,10-57-20,149.80
1353,10-57-22,149.791
1354,10-57-23,149.82
1355,10-57-24,149.8154
1356,10-57-25,149.82
1357,10-57-26,149.84
1358,10-57-28,149.83
1359,10-57-29,149.8100
1360,10-57-30,149.80
1361,10-57-31,149.80
1362,10-57-32,149.79
1363,10-57-33,149.78
1364,10-57-34,149.78
1365,10-57-35,149.7800
1366,10-57-36,149.76
1367,10-57-38,149.78
1368,10-57-40,149.7800
1369,10-57-41,149.78
1370,10-57-42,149.7733
1371,10-57-43,149.77
1372,10-57-44,149.77
1373,10-57-46,149.77
1374,10-57-47,149.77
1375,10-57-48,149.77
1376,10-57-49,149.7800
1377,10-57-51,149.76
1378,10-57-52,149.76
1379,10-57-53,149.755
1380,10-57-54,149.74
1381,10-57-55,149.7700
1382,10-57-56,149.77
1383,10-57-57,149.75
1384,10-57-58,149.747
1385,10-57-59,149.747
1386,10-58-00,149.73
1387,10-58-01,149.73
1388,10-58-02,149.7148
1389,10-58-03,149.64
1390,10-58-04,149.66
1391,10-58-05,149.65
1392,10-58-06,149.63
1393,10-58-07,149.6000
1394,10-58-08,149.59
1395,10-58-09,149.57
1396,10-58-10,149.55
1397,10-58-12,149.54
1398,10-58-13,149.5547
1399,10-58-14,149.61
1400,10-58-16,149.68
1401,10-58-17,149.65
1402,10-58-18,149.6885
1403,10-58-19,149.650
1404,10-58-20,149.65
1405,10-58-21,149.6550
1406,10-58-22,149.68
1407,10-58-23,149.68
1408,10-58-24,149.6618
1409,10-58-26,149.70
1410,10-58-27,149.73
1411,10-58-28,149.73
1412,10-58-30,149.81
1413,10-58-31,149.82
1414,10-58-32,149.81
1415,10-58-34,149.8100
1416,10-58-35,149.8300
1417,10-58-36,149.75
1418,10-58-37,149.75
1419,10-58-39,149.75
1420,10-58-40,149.7500
1421,10-58-41,149.76
1422,10-58-42,149.76
1423,10-58-43,149.7722
1424,10-58-44,149.79
1425,10-58-45,149.82
1426,10-58-46,149.82
1427,10-58-47,149.795
1428,10-58-49,149.7950
1429,10-58-50,149.80
1430,10-58-51,149.800
1431,10-58-52,149.795
1432,10-58-53,149.8000
1433,10-58-54,149.7982
1434,10-58-55,149.79
1435,10-58-57,149.76
1436,10-58-58,149.76
1437,10-58-59,149.7600
1438,10-59-00,149.75
1439,10-59-01,149.750
1440,10-59-02,149.77
1441,10-59-03,149.77
1442,10-59-05,149.7650
1443,10-59-06,149.7671
1444,10-59-07,149.755
1445,10-59-08,149.76
1446,10-59-09,149.7800
1447,10-59-11,149.795
1448,10-59-13,149.7700
1449,10-59-14,149.7599
1450,10-59-15,149.715
1451,10-59-16,149.71
1452,10-59-18,149.6725
1453,10-59-19,149.675
1454,10-59-20,149.68
1455,10-59-21,149.68
1456,10-59-22,149.665
1457,10-59-23,149.695
1458,10-59-24,149.695
1459,10-59-26,149.73
1460,10-59-27,149.785
1461,10-59-29,149.85
1462,10-59-29,149.76
1463,10-59-31,149.76
1464,10-59-32,149.72
1465,10-59-33,149.77
1466,10-59-34,149.77
1467,10-59-35,149.77
1468,10-59-36,149.77
1469,10-59-38,149.77
1470,10-59-39,149.80
1471,10-59-40,149.80
1472,10-59-41,149.80
1473,10-59-42,149.80
1474,10-59-43,149.800
1475,10-59-45,149.82
1476,10-59-46,149.8499
1477,10-59-47,149.84
1478,10-59-48,149.82
1479,10-59-49,149.84
1480,10-59-51,149.840
1481,10-59-52,149.815
1482,10-59-53,149.82
1483,10-59-55,149.82
1484,10-59-56,149.83
1485,10-59-57,149.81
1486,10-59-58,149.81
1487,10-59-59,149.81
1488,11-00-00,149.7900
